X,Y,Z,RockUnit,ALT,Sample Site Name
2992.4,5424.3,2640.8,1,13,51-57
2992.4,5424.3,2625.8,1,13,51-57
2992.4,5424.3,2610.8,1,13,51-57
2992.4,5424.3,2600.85,1,13,51-57
3037.7,4767.04,2646,2,16,Jan-81
3037.7,4779.33,2637.39,2,16,Jan-81
3037.7,4791.62,2628.79,2,16,Jan-81
3037.7,4803.91,2620.19,2,16,Jan-81
3037.7,4816.19,2611.58,2,16,Jan-81
3037.7,4828.48,2602.98,2,16,Jan-81
3037.7,4840.77,2594.38,2,16,Jan-81
3037.7,4853.05,2585.77,2,16,Jan-81
3037.7,4865.34,2577.17,2,16,Jan-81
3037.7,4877.63,2568.57,2,16,Jan-81
3037.7,4889.92,2559.96,2,16,Jan-81
3037.7,4902.2,2551.36,2,16,Jan-81
3037.7,4914.49,2542.75,2,16,Jan-81
3037.7,4926.78,2534.15,2,16,Jan-81
3037.7,4939.07,2525.55,2,16,Jan-81
3037.7,4951.35,2516.94,2,16,Jan-81
3037.7,4959.54,2511.21,2,16,Jan-81
2645.2,4813.5,2665.8,2,13,Feb-81
2645.2,4813.5,2650.8,2,15,Feb-81
2645.2,4813.5,2635.8,2,15,Feb-81
2645.2,4813.5,2620.8,2,14,Feb-81
2645.2,4813.5,2605.8,2,13,Feb-81
2645.2,4813.5,2590.8,2,13,Feb-81
2645.2,4813.5,2575.8,2,13,Feb-81
2645.2,4813.5,2560.8,2,13,Feb-81
2645.2,4813.5,2545.8,2,13,Feb-81
2645.2,4813.5,2530.8,2,13,Feb-81
2645.2,4813.5,2515.8,2,13,Feb-81
2645.2,4813.5,2500.8,2,13,Feb-81
2645.2,4813.5,2485.8,2,13,Feb-81
2645.2,4813.5,2470.8,2,13,Feb-81
2645.2,4813.5,2461.8,2,13,Feb-81
2801,4796,2650.4,2,16,Mar-81
2801,4796,2635.4,2,16,Mar-81
2801,4796,2620.4,2,16,Mar-81
2801,4796,2605.4,2,16,Mar-81
2801,4796,2590.4,2,15,Mar-81
2801,4796,2575.4,2,15,Mar-81
2801,4796,2560.4,2,15,Mar-81
2801,4796,2545.4,2,15,Mar-81
2801,4796,2530.4,2,15,Mar-81
2801,4796,2515.85,2,14,Mar-81
2349.1,4868.1,2667.5,2,13,Apr-81
2349.1,4868.1,2652.5,2,15,Apr-81
2349.1,4868.1,2637.5,2,15,Apr-81
2349.1,4868.1,2622.5,2,15,Apr-81
2349.1,4868.1,2607.5,2,15,Apr-81
2349.1,4868.1,2598.5,2,15,Apr-81
2429.7,4870.5,2664.2,2,14,May-81
2429.7,4870.5,2649.2,2,15,May-81
2429.7,4870.5,2634.2,2,15,May-81
2429.7,4870.5,2619.2,2,15,May-81
2429.7,4870.5,2604.2,2,15,May-81
2429.7,4870.5,2589.2,2,15,May-81
2429.7,4870.5,2574.2,2,15,May-81
2429.7,4870.5,2559.2,2,15,May-81
2429.7,4870.5,2544.2,2,15,May-81
2429.7,4870.5,2529.2,2,15,May-81
2429.7,4870.5,2514.2,2,15,May-81
2429.7,4870.5,2499.2,2,15,May-81
2429.7,4870.5,2484.2,2,15,May-81
2429.7,4870.5,2474.18,2,15,May-81
2538.5,4844.5,2662.5,2,,Jun-81
2538.5,4844.5,2647.5,2,15,Jun-81
2538.5,4844.5,2632.5,2,15,Jun-81
2538.5,4844.5,2617.5,2,15,Jun-81
2538.5,4844.5,2602.5,2,15,Jun-81
2538.5,4844.5,2587.5,2,15,Jun-81
2538.5,4844.5,2572.5,2,15,Jun-81
2538.5,4844.5,2557.5,2,15,Jun-81
2538.5,4844.5,2542.5,2,15,Jun-81
2538.5,4844.5,2527.5,2,15,Jun-81
2538.5,4844.5,2512.5,2,15,Jun-81
2538.5,4844.5,2497.5,2,15,Jun-81
2538.5,4844.5,2484,2,15,Jun-81
2842.4,4856.3,2645.6,2,12,Jul-81
2842.4,4856.3,2630.6,2,13,Jul-81
2842.4,4856.3,2615.6,2,13,Jul-81
2842.4,4856.3,2600.6,2,13,Jul-81
2842.4,4856.3,2585.6,2,13,Jul-81
2842.4,4856.3,2570.6,2,13,Jul-81
2842.4,4856.3,2555.6,2,13,Jul-81
2842.4,4856.3,2540.6,2,13,Jul-81
2842.4,4856.3,2525.6,2,13,Jul-81
2842.4,4856.3,2510.6,2,13,Jul-81
2842.4,4856.3,2495.6,2,13,Jul-81
2842.4,4856.3,2480.6,2,13,Jul-81
2842.4,4856.3,2465.6,2,13,Jul-81
2842.4,4856.3,2450.6,2,13,Jul-81
2842.4,4856.3,2437.1,2,13,Jul-81
2956.8,4934.8,2642.7,2,13,Aug-81
2956.8,4934.8,2627.7,2,13,Aug-81
2956.8,4934.8,2613.7,2,13,Aug-81
2449.1,4961.5,2661.6,2,15,Sep-81
2449.1,4961.5,2646.6,2,15,Sep-81
2449.1,4961.5,2631.6,2,15,Sep-81
2449.1,4961.5,2616.6,2,15,Sep-81
2449.1,4961.5,2601.6,2,15,Sep-81
2449.1,4961.5,2586.6,2,15,Sep-81
2449.1,4961.5,2571.6,2,13,Sep-81
2449.1,4961.5,2556.6,2,13,Sep-81
2449.1,4961.5,2541.6,2,13,Sep-81
2449.1,4961.5,2526.6,2,13,Sep-81
2449.1,4961.5,2511.6,2,13,Sep-81
2449.1,4961.5,2496.6,2,13,Sep-81
2449.1,4961.5,2481.6,2,13,Sep-81
2449.1,4961.5,2472.6,1,13,Sep-81
2758.9,4966.2,2652.5,2,11,Oct-81
2758.9,4966.2,2637.5,2,13,Oct-81
2758.9,4966.2,2622.5,2,13,Oct-81
2758.9,4966.2,2607.5,2,13,Oct-81
2758.9,4966.2,2592.5,2,13,Oct-81
2758.9,4966.2,2577.5,2,13,Oct-81
2758.9,4966.2,2562.5,2,13,Oct-81
2758.9,4966.2,2547.5,2,13,Oct-81
2758.9,4966.2,2532.5,2,13,Oct-81
2758.9,4966.2,2517.5,2,13,Oct-81
2758.9,4966.2,2502.5,2,13,Oct-81
2758.9,4966.2,2487.5,2,13,Oct-81
2758.9,4966.2,2472.5,1,13,Oct-81
2758.9,4966.2,2457.5,1,13,Oct-81
2758.9,4966.2,2442.5,1,13,Oct-81
2758.9,4966.2,2427.5,1,13,Oct-81
2758.9,4966.2,2412.5,2,13,Oct-81
2758.9,4966.2,2397.5,2,13,Oct-81
2758.9,4966.2,2382.5,2,13,Oct-81
2758.9,4966.2,2367.5,2,13,Oct-81
2947.3,4958.5,2647.5,2,12,Nov-81
2947.3,4958.5,2632.5,2,13,Nov-81
2947.3,4958.5,2617.5,2,13,Nov-81
2947.3,4958.5,2602.5,2,13,Nov-81
2947.3,4958.5,2587.5,2,13,Nov-81
2947.3,4958.5,2572.5,2,13,Nov-81
2947.3,4958.5,2557.5,2,13,Nov-81
2947.3,4958.5,2542.5,2,13,Nov-81
2947.3,4958.5,2527.5,2,13,Nov-81
2947.3,4958.5,2512.5,2,13,Nov-81
2947.3,4958.5,2497.5,2,13,Nov-81
2947.3,4958.5,2482.5,2,13,Nov-81
2947.3,4958.5,2467.5,2,13,Nov-81
2947.3,4958.5,2452.5,2,13,Nov-81
2947.3,4958.5,2437.5,2,13,Nov-81
2947.3,4958.5,2422.5,2,13,Nov-81
2947.3,4958.5,2407.5,2,13,Nov-81
2947.3,4958.5,2392.5,2,13,Nov-81
2947.3,4958.5,2379,2,13,Nov-81
3047.2,4958.3,2637.5,2,12,Dec-81
3047.2,4958.3,2622.5,2,16,Dec-81
3047.2,4958.3,2607.5,2,15,Dec-81
3047.2,4958.3,2592.5,2,15,Dec-81
3047.2,4958.3,2577.5,2,15,Dec-81
3047.2,4958.3,2562.5,2,15,Dec-81
3047.2,4958.3,2547.5,2,15,Dec-81
3047.2,4958.3,2532.5,2,15,Dec-81
3047.2,4958.3,2517.5,2,15,Dec-81
3047.2,4958.3,2502.5,2,15,Dec-81
3047.2,4958.3,2487.5,2,15,Dec-81
3047.2,4958.3,2472.5,2,15,Dec-81
3047.2,4958.3,2457.5,2,15,Dec-81
3047.2,4958.3,2447.25,2,15,Dec-81
2294.8,4990.2,2667.5,2,,81-13
2294.8,4990.2,2652.5,2,15,81-13
2294.8,4990.2,2637.5,2,15,81-13
2294.8,4990.2,2622.5,2,15,81-13
2294.8,4990.2,2607.5,2,15,81-13
2294.8,4990.2,2592.5,2,15,81-13
2294.8,4990.2,2577.5,2,15,81-13
2294.8,4990.2,2562.5,2,15,81-13
2294.8,4990.2,2547.5,2,15,81-13
2294.8,4990.2,2532.5,2,15,81-13
2294.8,4990.2,2517.5,2,15,81-13
2294.8,4990.2,2502.5,2,15,81-13
2294.8,4990.2,2487.5,1,15,81-13
2294.8,4990.2,2472.5,1,15,81-13
2294.8,4990.2,2457.5,1,15,81-13
2294.8,4990.2,2442.5,1,15,81-13
2294.8,4990.2,2427.5,1,15,81-13
2294.8,4990.2,2412.5,1,15,81-13
2294.8,4990.2,2397.5,2,15,81-13
2294.8,4990.2,2382.5,2,15,81-13
2583.9,4995.2,2652.6,2,13,81-14
2583.9,4995.2,2637.6,2,13,81-14
2583.9,4995.2,2622.6,2,13,81-14
2583.9,4995.2,2607.6,2,13,81-14
2583.9,4995.2,2592.6,2,13,81-14
2583.9,4995.2,2577.6,2,13,81-14
2583.9,4995.2,2562.6,2,13,81-14
2583.9,4995.2,2547.6,2,13,81-14
2583.9,4995.2,2532.6,2,13,81-14
2583.9,4995.2,2517.6,2,13,81-14
2583.9,4995.2,2502.6,2,13,81-14
2583.9,4995.2,2487.6,2,13,81-14
2583.9,4995.2,2472.6,1,13,81-14
2583.9,4995.2,2462.6,1,13,81-14
2847.8,5031,2646,2,13,81-15
2847.8,5031,2631,2,13,81-15
2847.8,5031,2616,2,13,81-15
2847.8,5031,2601,2,13,81-15
2847.8,5031,2586,2,13,81-15
2847.8,5031,2571,2,13,81-15
2847.8,5031,2556,2,13,81-15
2847.8,5031,2541,2,13,81-15
2847.8,5031,2526,2,13,81-15
2847.8,5031,2511,2,13,81-15
2847.8,5031,2496.5,1,13,81-15
2741.3,5063.6,2646.5,2,,81-16
2741.3,5063.6,2631.5,2,,81-16
2741.3,5063.6,2616.5,2,,81-16
2741.3,5063.6,2601.5,2,,81-16
2741.3,5063.6,2586.5,2,,81-16
2741.3,5063.6,2571.5,2,,81-16
2741.3,5063.6,2556.5,2,,81-16
2741.3,5063.6,2541.5,2,,81-16
2741.3,5063.6,2526.5,2,13,81-16
2741.3,5063.6,2511.5,1,13,81-16
2741.3,5063.6,2496.5,1,12,81-16
2741.3,5063.6,2481.5,1,12,81-16
2741.3,5063.6,2466.5,1,12,81-16
2741.3,5063.6,2451.5,1,12,81-16
2741.3,5063.6,2436.5,1,12,81-16
2741.3,5063.6,2421.5,2,12,81-16
2741.3,5063.6,2406.5,2,12,81-16
2741.3,5063.6,2391.5,2,12,81-16
2741.3,5063.6,2379.5,2,12,81-16
2343.5,5066.7,2667.5,2,12,81-17
2343.5,5066.7,2652.5,2,15,81-17
2343.5,5066.7,2637.5,2,15,81-17
2343.5,5066.7,2622.5,2,15,81-17
2343.5,5066.7,2607.5,2,15,81-17
2343.5,5066.7,2592.5,2,15,81-17
2343.5,5066.7,2577.5,2,15,81-17
2343.5,5066.7,2562.5,2,15,81-17
2343.5,5066.7,2547.5,2,15,81-17
2343.5,5066.7,2532.5,2,15,81-17
2343.5,5066.7,2520.5,1,15,81-17
2547.3,5062.9,2655.6,2,12,81-18
2547.3,5062.9,2640.6,2,15,81-18
2547.3,5062.9,2625.6,2,15,81-18
2547.3,5062.9,2610.6,2,15,81-18
2547.3,5062.9,2595.6,2,15,81-18
2547.3,5062.9,2580.6,2,13,81-18
2547.3,5062.9,2565.6,2,13,81-18
2547.3,5062.9,2550.6,2,13,81-18
2547.3,5062.9,2535.6,2,13,81-18
2547.3,5062.9,2520.6,1,13,81-18
2547.3,5062.9,2505.6,1,13,81-18
2547.3,5062.9,2490.6,1,13,81-18
2547.3,5062.9,2475.6,1,13,81-18
2547.3,5062.9,2460.6,1,13,81-18
2547.3,5062.9,2445.6,1,13,81-18
2547.3,5062.9,2430.6,2,13,81-18
2547.3,5062.9,2415.6,2,13,81-18
2547.3,5062.9,2400.6,2,13,81-18
2547.3,5062.9,2385.6,2,13,81-18
2547.3,5062.9,2370.6,2,12,81-18
2845.2,5061.9,2641.2,2,13,81-19
2845.2,5061.9,2626.2,2,13,81-19
2845.2,5061.9,2611.2,2,13,81-19
2845.2,5061.9,2596.2,2,13,81-19
2845.2,5061.9,2581.2,2,13,81-19
2845.2,5061.9,2566.2,2,13,81-19
2845.2,5061.9,2551.2,2,13,81-19
2845.2,5061.9,2536.2,2,12,81-19
2845.2,5061.9,2521.2,2,12,81-19
2845.2,5061.9,2506.2,1,12,81-19
2845.2,5061.9,2491.2,1,12,81-19
2845.2,5061.9,2476.2,1,12,81-19
2845.2,5061.9,2461.2,1,12,81-19
2845.2,5061.9,2446.2,1,12,81-19
2845.2,5061.9,2431.2,1,13,81-19
2845.2,5061.9,2416.2,2,13,81-19
2845.2,5061.9,2401.2,2,13,81-19
2845.2,5061.9,2386.2,2,13,81-19
2845.2,5061.9,2371.2,2,13,81-19
2845.2,5061.9,2356.2,2,13,81-19
2941.8,5057.9,2649.1,2,12,81-20
2941.8,5057.9,2634.1,2,13,81-20
2941.8,5057.9,2619.1,2,13,81-20
2941.8,5057.9,2604.1,2,13,81-20
2941.8,5057.9,2589.1,2,13,81-20
2941.8,5057.9,2574.1,2,13,81-20
2941.8,5057.9,2559.1,2,13,81-20
2941.8,5057.9,2544.1,2,13,81-20
2941.8,5057.9,2529.1,2,13,81-20
2941.8,5057.9,2514.1,1,13,81-20
2941.8,5057.9,2499.1,1,13,81-20
2941.8,5057.9,2484.1,1,13,81-20
2941.8,5057.9,2469.1,1,13,81-20
2941.8,5057.9,2454.1,1,13,81-20
2941.8,5057.9,2439.1,1,13,81-20
2941.8,5057.9,2424.1,1,13,81-20
2941.8,5057.9,2409.1,2,12,81-20
2941.8,5057.9,2394.1,2,12,81-20
2941.8,5057.9,2379.1,2,13,81-20
2941.8,5057.9,2364.1,2,13,81-20
3041.5,5055.3,2638.4,2,11,81-21
3041.5,5055.3,2623.4,2,13,81-21
3041.5,5055.3,2608.4,2,13,81-21
3041.5,5055.3,2593.4,2,13,81-21
3041.5,5055.3,2578.4,2,13,81-21
3041.5,5055.3,2563.4,2,13,81-21
3041.5,5055.3,2548.4,2,13,81-21
3041.5,5055.3,2533.4,2,13,81-21
3041.5,5055.3,2518.4,2,13,81-21
3041.5,5055.3,2503.4,1,13,81-21
3041.5,5055.3,2488.4,1,13,81-21
3041.5,5055.3,2473.4,1,13,81-21
3041.5,5055.3,2458.4,1,13,81-21
3041.5,5055.3,2443.4,1,13,81-21
3041.5,5055.3,2428.4,1,13,81-21
3041.5,5055.3,2413.4,2,13,81-21
3041.5,5055.3,2398.4,2,13,81-21
3041.5,5055.3,2383.4,2,13,81-21
3041.5,5055.3,2368.4,2,13,81-21
3041.5,5055.3,2353.4,2,13,81-21
3143.3,5055.9,2631.6,2,,81-22
3143.3,5055.9,2616.6,2,,81-22
3143.3,5055.9,2601.6,2,,81-22
3143.3,5055.9,2586.6,2,,81-22
3143.3,5055.9,2571.6,2,,81-22
3143.3,5055.9,2556.6,2,,81-22
3143.3,5055.9,2541.6,2,,81-22
3143.3,5055.9,2526.6,2,,81-22
3143.3,5055.9,2511.6,1,,81-22
3143.3,5055.9,2496.6,1,15,81-22
3143.3,5055.9,2481.6,1,15,81-22
3143.3,5055.9,2466.6,1,15,81-22
3143.3,5055.9,2451.6,1,15,81-22
3143.3,5055.9,2436.6,1,15,81-22
3143.3,5055.9,2421.6,1,15,81-22
3143.3,5055.9,2406.6,2,15,81-22
3143.3,5055.9,2391.6,2,15,81-22
3143.3,5055.9,2376.6,2,14,81-22
3143.3,5055.9,2361.6,2,13,81-22
3143.3,5055.9,2348.1,2,13,81-22
2747,5111.5,2641.4,2,13,81-23
2747,5111.5,2626.4,2,13,81-23
2747,5111.5,2611.4,2,13,81-23
2747,5111.5,2596.4,2,13,81-23
2747,5111.5,2581.4,2,13,81-23
2747,5111.5,2566.4,2,13,81-23
2747,5111.5,2551.4,2,13,81-23
2747,5111.5,2536.4,1,13,81-23
2747,5111.5,2521.4,1,13,81-23
2747,5111.5,2506.4,1,13,81-23
2747,5111.5,2491.4,1,13,81-23
2747,5111.5,2476.4,1,13,81-23
2747,5111.5,2461.4,1,13,81-23
2747,5111.5,2452.4,1,13,81-23
2443.1,5139.7,2665,2,15,81-24
2443.1,5139.7,2650,2,15,81-24
2443.1,5139.7,2635,2,15,81-24
2443.1,5139.7,2620,2,15,81-24
2443.1,5139.7,2605,2,15,81-24
2443.1,5139.7,2590,2,15,81-24
2443.1,5139.7,2575,2,15,81-24
2443.1,5139.7,2560,2,15,81-24
2443.1,5139.7,2545,1,15,81-24
2443.1,5139.7,2530,1,13,81-24
2443.1,5139.7,2515,1,13,81-24
2443.1,5139.7,2500,1,13,81-24
2443.1,5139.7,2485,1,13,81-24
2443.1,5139.7,2470,1,13,81-24
2443.1,5139.7,2455,1,13,81-24
2443.1,5139.7,2440,2,13,81-24
2443.1,5139.7,2425,2,13,81-24
2443.1,5139.7,2410,2,13,81-24
2443.1,5139.7,2395,2,13,81-24
2443.1,5139.7,2384.5,2,13,81-24
2546.4,5161.1,2656.5,2,11,81-25
2546.4,5161.1,2641.5,2,13,81-25
2546.4,5161.1,2626.5,2,13,81-25
2546.4,5161.1,2611.5,2,13,81-25
2546.4,5161.1,2596.5,2,13,81-25
2546.4,5161.1,2581.5,2,13,81-25
2546.4,5161.1,2566.5,2,13,81-25
2546.4,5161.1,2551.5,1,13,81-25
2546.4,5161.1,2536.5,1,13,81-25
2546.4,5161.1,2521.5,1,13,81-25
2546.4,5161.1,2506.5,1,13,81-25
2546.4,5161.1,2491.5,1,13,81-25
2546.4,5161.1,2476.5,1,13,81-25
2546.4,5161.1,2461.5,1,13,81-25
2546.4,5161.1,2446.5,2,13,81-25
2546.4,5161.1,2436,2,13,81-25
2645.8,5160.4,2649,2,12,81-26
2645.8,5160.4,2634,2,13,81-26
2645.8,5160.4,2619,2,13,81-26
2645.8,5160.4,2604,2,13,81-26
2645.8,5160.4,2589,2,13,81-26
2645.8,5160.4,2574,2,13,81-26
2645.8,5160.4,2559,1,13,81-26
2645.8,5160.4,2544,1,13,81-26
2645.8,5160.4,2529,1,13,81-26
2645.8,5160.4,2514,1,13,81-26
2645.8,5160.4,2499,1,13,81-26
2645.8,5160.4,2484,1,12,81-26
2645.8,5160.4,2469,1,13,81-26
2645.8,5160.4,2454,2,13,81-26
2645.8,5160.4,2439,2,12,81-26
2645.8,5160.4,2424,2,13,81-26
2645.8,5160.4,2409,2,13,81-26
2645.8,5160.4,2394,2,13,81-26
2744,5160.6,2641.6,2,13,81-27
2744,5160.6,2626.6,2,13,81-27
2744,5160.6,2611.6,2,13,81-27
2744,5160.6,2596.6,2,13,81-27
2744,5160.6,2581.6,2,13,81-27
2744,5160.6,2566.6,2,13,81-27
2744,5160.6,2551.6,1,13,81-27
2744,5160.6,2536.6,1,13,81-27
2744,5160.6,2521.6,1,13,81-27
2744,5160.6,2506.6,1,13,81-27
2744,5160.6,2491.6,1,12,81-27
2744,5160.6,2476.6,1,12,81-27
2744,5160.6,2461.6,1,12,81-27
2744,5160.6,2446.6,2,12,81-27
2744,5160.6,2431.6,2,12,81-27
2744,5160.6,2416.6,2,12,81-27
2744,5160.6,2401.6,2,12,81-27
2744,5160.6,2386.6,2,12,81-27
2744,5160.6,2371.6,2,13,81-27
2744,5160.6,2356.6,2,13,81-27
2847.3,5158.2,2637.5,2,13,81-28
2847.3,5158.2,2622.5,2,13,81-28
2847.3,5158.2,2607.5,2,13,81-28
2847.3,5158.2,2592.5,2,13,81-28
2847.3,5158.2,2577.5,2,13,81-28
2847.3,5158.2,2562.5,2,13,81-28
2847.3,5158.2,2547.5,1,13,81-28
2847.3,5158.2,2532.5,1,13,81-28
2847.3,5158.2,2517.5,1,13,81-28
2847.3,5158.2,2502.5,1,12,81-28
2847.3,5158.2,2487.5,1,12,81-28
2847.3,5158.2,2472.5,1,12,81-28
2847.3,5158.2,2457.5,1,12,81-28
2847.3,5158.2,2442.5,2,12,81-28
2847.3,5158.2,2427.5,2,12,81-28
2847.3,5158.2,2412.5,2,12,81-28
2847.3,5158.2,2397.5,2,12,81-28
2847.3,5158.2,2382.5,2,12,81-28
2847.3,5158.2,2367.5,2,12,81-28
2847.3,5158.2,2352.5,2,12,81-28
2847.3,5158.2,2337.5,2,12,81-28
2847.3,5158.2,2325.5,2,12,81-28
2946.3,5158.6,2640.8,2,12,81-29
2946.3,5158.6,2625.8,2,12,81-29
2946.3,5158.6,2610.8,2,12,81-29
2946.3,5158.6,2595.8,2,12,81-29
2946.3,5158.6,2580.8,2,12,81-29
2946.3,5158.6,2565.8,2,12,81-29
2946.3,5158.6,2550.8,1,13,81-29
2946.3,5158.6,2535.8,1,12,81-29
2946.3,5158.6,2520.8,1,12,81-29
2946.3,5158.6,2505.8,1,13,81-29
2946.3,5158.6,2490.8,1,12,81-29
2946.3,5158.6,2475.8,1,12,81-29
2946.3,5158.6,2460.8,1,12,81-29
2946.3,5158.6,2445.8,2,12,81-29
2946.3,5158.6,2430.8,2,12,81-29
2946.3,5158.6,2415.8,2,12,81-29
2946.3,5158.6,2400.8,2,13,81-29
2946.3,5158.6,2385.8,2,13,81-29
2946.3,5158.6,2370.8,2,13,81-29
2946.3,5158.6,2355.8,2,13,81-29
2946.3,5158.6,2346.05,2,13,81-29
3095.4,5155.2,2633.9,2,12,81-30
3095.4,5155.2,2618.9,2,13,81-30
3095.4,5155.2,2603.9,2,13,81-30
3095.4,5155.2,2588.9,2,13,81-30
3095.4,5155.2,2573.9,2,13,81-30
3095.4,5155.2,2558.9,2,13,81-30
3095.4,5155.2,2543.9,1,13,81-30
3095.4,5155.2,2528.9,1,13,81-30
3095.4,5155.2,2513.9,1,13,81-30
3095.4,5155.2,2498.9,1,13,81-30
3095.4,5155.2,2483.9,1,13,81-30
3095.4,5155.2,2468.9,1,13,81-30
3095.4,5155.2,2453.9,1,13,81-30
3095.4,5155.2,2438.9,2,13,81-30
3095.4,5155.2,2423.9,2,13,81-30
3095.4,5155.2,2408.9,2,13,81-30
3095.4,5155.2,2393.9,2,13,81-30
3095.4,5155.2,2378.9,2,13,81-30
3095.4,5155.2,2363.9,2,13,81-30
3095.4,5155.2,2348.9,2,13,81-30
3095.4,5155.2,2333.9,2,13,81-30
3095.4,5155.2,2321.9,2,13,81-30
3231.1,5158.5,2622.8,2,15,81-31
3231.1,5158.5,2607.8,2,15,81-31
3231.1,5158.5,2592.8,2,15,81-31
3231.1,5158.5,2577.8,2,15,81-31
3231.1,5158.5,2562.8,2,15,81-31
3231.1,5158.5,2547.8,1,15,81-31
3231.1,5158.5,2532.8,1,15,81-31
3231.1,5158.5,2517.8,1,15,81-31
3231.1,5158.5,2502.8,1,15,81-31
3231.1,5158.5,2487.8,1,13,81-31
3231.1,5158.5,2472.8,1,13,81-31
3231.1,5158.5,2457.8,1,13,81-31
3231.1,5158.5,2442.8,2,13,81-31
3231.1,5158.5,2433.05,2,13,81-31
2983.8,5237.2,2637.7,1,13,81-32
2983.8,5237.2,2622.7,1,13,81-32
2983.8,5237.2,2607.7,1,13,81-32
2983.8,5237.2,2592.7,1,13,81-32
2983.8,5237.2,2584.7,1,13,81-32
3097.8,5206,2632.2,1,12,81-33
3097.8,5206,2617.2,1,12,81-33
3097.8,5206,2602.2,1,13,81-33
3097.8,5206,2587.2,1,13,81-33
3097.8,5206,2572.2,1,13,81-33
3097.8,5206,2557.2,1,13,81-33
3097.8,5206,2542.2,1,13,81-33
3097.8,5206,2527.2,1,13,81-33
3097.8,5206,2512.2,1,13,81-33
3097.8,5206,2497.2,1,13,81-33
3097.8,5206,2482.2,1,13,81-33
3097.8,5206,2467.2,1,13,81-33
3097.8,5206,2452.2,2,13,81-33
3097.8,5206,2437.2,2,13,81-33
3097.8,5206,2422.2,2,13,81-33
3097.8,5206,2407.2,2,13,81-33
3097.8,5206,2392.2,2,13,81-33
3097.8,5206,2377.2,2,13,81-33
3097.8,5206,2362.2,2,13,81-33
3097.8,5206,2347.2,2,13,81-33
3097.8,5206,2332.2,2,13,81-33
3097.8,5206,2317.2,2,13,81-33
3097.8,5206,2302.2,2,13,81-33
3097.8,5206,2287.2,2,13,81-33
3097.8,5206,2272.2,2,13,81-33
3097.8,5206,2257.2,2,13,81-33
3097.8,5206,2242.2,2,13,81-33
3097.8,5206,2227.2,3,13,81-33
3097.8,5206,2212.2,3,13,81-33
3097.8,5206,2197.2,3,13,81-33
3097.8,5206,2182.2,3,13,81-33
3097.8,5206,2167.2,3,13,81-33
3097.8,5206,2152.2,3,13,81-33
3097.8,5206,2137.2,3,15,81-33
3097.8,5206,2122.2,3,16,81-33
3097.8,5206,2107.2,3,16,81-33
3097.8,5206,2092.2,3,16,81-33
3097.8,5206,2077.2,3,16,81-33
3097.8,5206,2062.2,3,16,81-33
3097.8,5206,2047.2,3,16,81-33
3097.8,5206,2039.65,3,16,81-33
2245.3,5269.9,2674.9,1,,81-34
2245.3,5269.9,2659.9,1,,81-34
2245.3,5269.9,2644.9,1,,81-34
2245.3,5269.9,2629.9,1,,81-34
2245.3,5269.9,2614.9,1,,81-34
2245.3,5269.9,2599.9,1,,81-34
2245.3,5269.9,2584.9,1,,81-34
2245.3,5269.9,2569.9,1,,81-34
2245.3,5269.9,2554.9,1,,81-34
2245.3,5269.9,2539.9,1,,81-34
2245.3,5269.9,2524.9,1,,81-34
2245.3,5269.9,2509.9,1,,81-34
2245.3,5269.9,2494.9,1,,81-34
2245.3,5269.9,2479.9,1,16,81-34
2245.3,5269.9,2464.9,3,16,81-34
2245.3,5269.9,2449.9,3,16,81-34
2245.3,5269.9,2434.9,3,16,81-34
2245.3,5269.9,2419.9,3,16,81-34
2245.3,5269.9,2404.9,3,16,81-34
2245.3,5269.9,2389.9,3,16,81-34
2245.3,5269.9,2381.35,3,16,81-34
2448.5,5268.2,2667.6,1,14,81-35
2448.5,5268.2,2652.6,1,16,81-35
2448.5,5268.2,2637.6,1,16,81-35
2448.5,5268.2,2622.6,1,16,81-35
2448.5,5268.2,2607.6,1,16,81-35
2448.5,5268.2,2592.6,1,16,81-35
2448.5,5268.2,2577.6,1,16,81-35
2448.5,5268.2,2562.6,1,16,81-35
2448.5,5268.2,2547.6,1,16,81-35
2448.5,5268.2,2532.6,1,16,81-35
2448.5,5268.2,2517.6,1,15,81-35
2448.5,5268.2,2502.6,1,15,81-35
2448.5,5268.2,2487.6,1,15,81-35
2448.5,5268.2,2472.6,2,15,81-35
2448.5,5268.2,2457.6,3,15,81-35
2448.5,5268.2,2442.6,3,15,81-35
2448.5,5268.2,2427.6,3,14,81-35
2448.5,5268.2,2412.6,3,13,81-35
2448.5,5268.2,2397.6,3,13,81-35
2448.5,5268.2,2382.6,3,13,81-35
2544,5258.9,2658.7,1,12,81-36
2544,5258.9,2643.7,1,13,81-36
2544,5258.9,2628.7,1,13,81-36
2544,5258.9,2613.7,1,13,81-36
2544,5258.9,2598.7,1,13,81-36
2544,5258.9,2583.7,1,13,81-36
2544,5258.9,2568.7,1,13,81-36
2544,5258.9,2553.7,1,13,81-36
2544,5258.9,2538.7,1,13,81-36
2544,5258.9,2523.7,1,13,81-36
2544,5258.9,2508.7,1,13,81-36
2544,5258.9,2493.7,1,13,81-36
2544,5258.9,2478.7,1,13,81-36
2544,5258.9,2463.7,3,13,81-36
2544,5258.9,2448.7,3,13,81-36
2544,5258.9,2433.7,3,13,81-36
2544,5258.9,2418.7,3,13,81-36
2544,5258.9,2403.7,3,13,81-36
2544,5258.9,2388.7,3,13,81-36
2544,5258.9,2373.7,3,13,81-36
2544,5258.9,2358.7,3,13,81-36
2544,5258.9,2343.7,3,13,81-36
2544,5258.9,2328.7,3,13,81-36
2544,5258.9,2313.7,3,13,81-36
2544,5258.9,2298.7,3,13,81-36
2544,5258.9,2283.7,3,13,81-36
2544,5258.9,2268.7,3,13,81-36
2544,5258.9,2253.7,3,13,81-36
2544,5258.9,2238.7,3,13,81-36
2544,5258.9,2223.7,3,14,81-36
2544,5258.9,2208.7,3,15,81-36
2544,5258.9,2193.7,3,15,81-36
2544,5258.9,2178.7,3,15,81-36
2544,5258.9,2163.7,3,15,81-36
2544,5258.9,2148.7,3,15,81-36
2544,5258.9,2133.7,3,15,81-36
2544,5258.9,2118.7,3,16,81-36
2544,5258.9,2103.7,3,16,81-36
2544,5258.9,2088.7,3,16,81-36
2544,5258.9,2073.7,3,16,81-36
2647.1,5261.1,2651.5,1,12,81-37
2647.1,5261.1,2636.5,1,13,81-37
2647.1,5261.1,2621.5,1,13,81-37
2647.1,5261.1,2606.5,1,13,81-37
2647.1,5261.1,2591.5,1,13,81-37
2647.1,5261.1,2576.5,1,13,81-37
2647.1,5261.1,2561.5,1,13,81-37
2647.1,5261.1,2546.5,1,13,81-37
2647.1,5261.1,2531.5,1,13,81-37
2647.1,5261.1,2516.5,1,13,81-37
2647.1,5261.1,2501.5,1,13,81-37
2647.1,5261.1,2486.5,1,13,81-37
2647.1,5261.1,2471.5,1,13,81-37
2647.1,5261.1,2456.5,2,13,81-37
2647.1,5261.1,2441.5,3,13,81-37
2647.1,5261.1,2426.5,3,13,81-37
2647.1,5261.1,2411.5,3,13,81-37
2647.1,5261.1,2396.5,3,13,81-37
2647.1,5261.1,2381.5,3,13,81-37
2647.1,5261.1,2366.5,3,13,81-37
2733.4,5272.2,2643.8,1,13,81-38
2733.4,5272.2,2628.8,1,13,81-38
2733.4,5272.2,2613.8,1,13,81-38
2733.4,5272.2,2598.8,1,13,81-38
2733.4,5272.2,2583.8,1,13,81-38
2733.4,5272.2,2568.8,1,13,81-38
2733.4,5272.2,2553.8,1,13,81-38
2733.4,5272.2,2538.8,1,13,81-38
2733.4,5272.2,2523.8,1,13,81-38
2733.4,5272.2,2508.8,1,13,81-38
2733.4,5272.2,2493.8,1,13,81-38
2733.4,5272.2,2478.8,1,13,81-38
2733.4,5272.2,2463.8,2,13,81-38
2733.4,5272.2,2448.8,2,13,81-38
2733.4,5272.2,2433.8,3,13,81-38
2733.4,5272.2,2418.8,3,13,81-38
2733.4,5272.2,2403.8,3,13,81-38
2733.4,5272.2,2388.8,3,13,81-38
2733.4,5272.2,2373.8,3,13,81-38
2733.4,5272.2,2358.8,3,13,81-38
2854.5,5265.3,2637.5,1,,81-39
2854.5,5265.3,2622.5,1,,81-39
2854.5,5265.3,2607.5,1,,81-39
2854.5,5265.3,2592.5,1,,81-39
2854.5,5265.3,2577.5,1,13,81-39
2854.5,5265.3,2562.5,1,13,81-39
2854.5,5265.3,2547.5,1,13,81-39
2854.5,5265.3,2532.5,1,13,81-39
2854.5,5265.3,2517.5,1,12,81-39
2854.5,5265.3,2502.5,1,12,81-39
2854.5,5265.3,2487.5,1,12,81-39
2854.5,5265.3,2472.5,1,12,81-39
2854.5,5265.3,2457.5,2,13,81-39
2854.5,5265.3,2442.5,2,13,81-39
2854.5,5265.3,2427.5,2,14,81-39
2854.5,5265.3,2412.5,2,14,81-39
2854.5,5265.3,2397.5,2,14,81-39
2854.5,5265.3,2382.5,2,14,81-39
2854.5,5265.3,2367.5,2,14,81-39
2854.5,5265.3,2352.5,2,14,81-39
2854.5,5265.3,2337.5,2,14,81-39
2854.5,5265.3,2322.5,3,14,81-39
2854.5,5265.3,2307.5,3,14,81-39
2854.5,5265.3,2292.5,3,14,81-39
2854.5,5265.3,2277.5,3,14,81-39
2854.5,5265.3,2262.5,3,14,81-39
2854.5,5265.3,2247.5,3,14,81-39
2854.5,5265.3,2232.5,3,14,81-39
2854.5,5265.3,2217.5,3,14,81-39
2854.5,5265.3,2202.5,3,14,81-39
2854.5,5265.3,2187.5,3,14,81-39
2854.5,5265.3,2172.5,3,14,81-39
2854.5,5265.3,2157.5,3,14,81-39
2854.5,5265.3,2142.5,3,15,81-39
2854.5,5265.3,2127.5,3,16,81-39
2854.5,5265.3,2112.5,3,16,81-39
2854.5,5265.3,2097.5,3,16,81-39
2854.5,5265.3,2089.15,3,16,81-39
2951.1,5266.7,2640.5,1,12,81-40
2951.1,5266.7,2625.5,1,13,81-40
2951.1,5266.7,2610.5,1,13,81-40
2951.1,5266.7,2595.5,1,13,81-40
2951.1,5266.7,2580.5,1,13,81-40
2951.1,5266.7,2565.5,1,13,81-40
2951.1,5266.7,2550.5,1,13,81-40
2951.1,5266.7,2535.5,1,13,81-40
2951.1,5266.7,2520.5,1,13,81-40
2951.1,5266.7,2505.5,1,13,81-40
2951.1,5266.7,2490.5,1,13,81-40
2951.1,5266.7,2475.5,1,13,81-40
2951.1,5266.7,2460.5,2,13,81-40
2951.1,5266.7,2445.5,2,12,81-40
2951.1,5266.7,2430.5,2,12,81-40
2951.1,5266.7,2415.5,2,12,81-40
2951.1,5266.7,2400.5,2,12,81-40
2951.1,5266.7,2385.5,2,12,81-40
2951.1,5266.7,2370.5,2,12,81-40
2951.1,5266.7,2355.5,2,12,81-40
2951.1,5266.7,2340.5,2,12,81-40
2951.1,5266.7,2325.5,2,13,81-40
2951.1,5266.7,2313.75,2,13,81-40
3043.1,5254.6,2637.5,1,11,81-41
3043.1,5254.6,2622.5,1,12,81-41
3043.1,5254.6,2607.5,1,12,81-41
3043.1,5254.6,2592.5,1,12,81-41
3043.1,5254.6,2577.5,1,12,81-41
3043.1,5254.6,2562.5,1,12,81-41
3043.1,5254.6,2547.5,1,12,81-41
3043.1,5254.6,2532.5,1,12,81-41
3043.1,5254.6,2517.5,1,12,81-41
3043.1,5254.6,2502.5,1,12,81-41
3043.1,5254.6,2487.5,1,12,81-41
3043.1,5254.6,2472.5,1,12,81-41
3043.1,5254.6,2457.5,2,12,81-41
3043.1,5254.6,2442.5,2,12,81-41
3043.1,5254.6,2427.5,2,12,81-41
3043.1,5254.6,2412.5,2,12,81-41
3043.1,5254.6,2397.5,2,12,81-41
3043.1,5254.6,2382.5,2,13,81-41
3043.1,5254.6,2367.5,2,13,81-41
3043.1,5254.6,2357,2,13,81-41
3150.8,5252.5,2625.2,1,13,81-42
3150.8,5252.5,2610.2,1,15,81-42
3150.8,5252.5,2595.2,1,15,81-42
3150.8,5252.5,2580.2,1,15,81-42
3150.8,5252.5,2565.2,1,13,81-42
3150.8,5252.5,2550.2,1,15,81-42
3150.8,5252.5,2535.2,1,13,81-42
3150.8,5252.5,2520.2,1,13,81-42
3150.8,5252.5,2505.2,1,13,81-42
3150.8,5252.5,2490.2,1,13,81-42
3150.8,5252.5,2475.2,1,13,81-42
3150.8,5252.5,2460.2,2,13,81-42
3150.8,5252.5,2445.2,2,13,81-42
3150.8,5252.5,2430.2,2,13,81-42
3150.8,5252.5,2415.2,2,13,81-42
3150.8,5252.5,2400.2,2,13,81-42
3150.8,5252.5,2385.2,2,13,81-42
3150.8,5252.5,2370.2,2,13,81-42
3150.8,5252.5,2355.2,2,13,81-42
3150.8,5252.5,2340.2,2,13,81-42
3001.5,5319.5,2662.5,1,,81-43
3001.5,5319.5,2647.5,1,,81-43
3001.5,5319.5,2632.5,1,,81-43
3001.5,5319.5,2617.5,1,,81-43
3001.5,5319.5,2602.5,1,,81-43
3001.5,5319.5,2587.5,1,,81-43
3001.5,5319.5,2572.5,1,,81-43
3001.5,5319.5,2557.5,1,,81-43
3001.5,5319.5,2542.5,1,,81-43
3001.5,5319.5,2527.5,1,,81-43
3001.5,5319.5,2512.5,1,,81-43
3001.5,5319.5,2497.5,1,,81-43
3001.5,5319.5,2482.5,1,,81-43
3001.5,5319.5,2467.5,2,,81-43
3001.5,5319.5,2452.5,2,,81-43
3001.5,5319.5,2437.5,2,,81-43
3001.5,5319.5,2422.5,2,,81-43
3001.5,5319.5,2407.5,2,,81-43
3001.5,5319.5,2392.5,2,12,81-43
3001.5,5319.5,2377.5,2,12,81-43
3001.5,5319.5,2369.25,2,12,81-43
2558.7,5366.4,2663.3,1,13,81-44
2558.7,5366.4,2648.3,1,15,81-44
2558.7,5366.4,2633.3,1,15,81-44
2558.7,5366.4,2618.3,1,15,81-44
2558.7,5366.4,2603.3,1,15,81-44
2558.7,5366.4,2588.3,1,15,81-44
2558.7,5366.4,2573.3,1,15,81-44
2558.7,5366.4,2558.3,1,15,81-44
2558.7,5366.4,2543.3,1,15,81-44
2558.7,5366.4,2528.3,1,15,81-44
2558.7,5366.4,2513.3,1,14,81-44
2558.7,5366.4,2498.3,1,13,81-44
2558.7,5366.4,2483.3,3,13,81-44
2558.7,5366.4,2468.3,3,13,81-44
2558.7,5366.4,2453.3,3,13,81-44
2558.7,5366.4,2438.3,3,13,81-44
2558.7,5366.4,2423.3,3,13,81-44
2558.7,5366.4,2408.3,3,13,81-44
2558.7,5366.4,2393.3,3,13,81-44
2558.7,5366.4,2378.3,3,13,81-44
2649.1,5359.8,2652.7,1,11,81-45
2649.1,5359.8,2637.7,1,13,81-45
2649.1,5359.8,2622.7,1,13,81-45
2649.1,5359.8,2607.7,1,13,81-45
2649.1,5359.8,2592.7,1,13,81-45
2649.1,5359.8,2577.7,1,13,81-45
2649.1,5359.8,2562.7,1,13,81-45
2649.1,5359.8,2547.7,1,13,81-45
2649.1,5359.8,2532.7,1,13,81-45
2649.1,5359.8,2517.7,1,13,81-45
2649.1,5359.8,2502.7,1,13,81-45
2649.1,5359.8,2487.7,2,13,81-45
2649.1,5359.8,2472.7,3,13,81-45
2649.1,5359.8,2462.95,3,13,81-45
2750.3,5363.2,2645.3,1,13,81-46
2750.3,5363.2,2630.3,1,13,81-46
2750.3,5363.2,2615.3,1,13,81-46
2750.3,5363.2,2600.3,1,13,81-46
2750.3,5363.2,2585.3,1,13,81-46
2750.3,5363.2,2570.3,1,13,81-46
2750.3,5363.2,2555.3,1,13,81-46
2750.3,5363.2,2540.3,1,13,81-46
2750.3,5363.2,2525.3,1,13,81-46
2750.3,5363.2,2510.3,1,13,81-46
2750.3,5363.2,2495.3,1,13,81-46
2750.3,5363.2,2480.3,3,13,81-46
2750.3,5363.2,2465.3,3,13,81-46
2750.3,5363.2,2450.3,3,13,81-46
2750.3,5363.2,2435.3,3,13,81-46
2750.3,5363.2,2420.3,3,13,81-46
2750.3,5363.2,2405.3,3,13,81-46
2750.3,5363.2,2390.3,3,13,81-46
2750.3,5363.2,2375.3,3,13,81-46
2750.3,5363.2,2360.3,3,13,81-46
2853.3,5365.2,2642.1,1,13,81-47
2853.3,5365.2,2627.1,1,13,81-47
2853.3,5365.2,2612.1,1,13,81-47
2853.3,5365.2,2597.1,1,13,81-47
2853.3,5365.2,2582.1,1,13,81-47
2853.3,5365.2,2567.1,1,13,81-47
2853.3,5365.2,2552.1,1,13,81-47
2853.3,5365.2,2537.1,1,13,81-47
2853.3,5365.2,2522.1,1,13,81-47
2853.3,5365.2,2507.1,1,13,81-47
2853.3,5365.2,2492.1,1,13,81-47
2853.3,5365.2,2477.1,3,13,81-47
2853.3,5365.2,2462.1,3,13,81-47
2853.3,5365.2,2447.1,3,13,81-47
2853.3,5365.2,2432.1,3,13,81-47
2853.3,5365.2,2417.1,3,13,81-47
2853.3,5365.2,2402.1,3,13,81-47
2853.3,5365.2,2387.1,3,14,81-47
2853.3,5365.2,2376.6,3,14,81-47
2958.3,5369.1,2652.5,1,12,81-48
2958.3,5369.1,2637.5,1,12,81-48
2958.3,5369.1,2622.5,1,12,81-48
2958.3,5369.1,2607.5,1,12,81-48
2958.3,5369.1,2592.5,1,12,81-48
2958.3,5369.1,2577.5,1,12,81-48
2958.3,5369.1,2562.5,1,12,81-48
2958.3,5369.1,2547.5,1,12,81-48
2958.3,5369.1,2532.5,1,12,81-48
2958.3,5369.1,2517.5,1,13,81-48
2958.3,5369.1,2502.5,1,13,81-48
2958.3,5369.1,2487.5,2,13,81-48
2958.3,5369.1,2472.5,2,13,81-48
2958.3,5369.1,2457.5,2,12,81-48
2958.3,5369.1,2442.5,3,12,81-48
2958.3,5369.1,2427.5,3,12,81-48
2958.3,5369.1,2412.5,3,12,81-48
2958.3,5369.1,2397.5,3,13,81-48
2958.3,5369.1,2382.5,3,12,81-48
2958.3,5369.1,2367.5,3,13,81-48
3099.1,5369.4,2628.5,1,,81-49
3099.1,5369.4,2613.5,1,,81-49
3099.1,5369.4,2598.5,1,,81-49
3099.1,5369.4,2583.5,1,,81-49
3099.1,5369.4,2568.5,1,,81-49
3099.1,5369.4,2553.5,1,,81-49
3099.1,5369.4,2538.5,1,,81-49
3099.1,5369.4,2523.5,1,,81-49
3099.1,5369.4,2508.5,1,,81-49
3099.1,5369.4,2493.5,1,,81-49
3099.1,5369.4,2478.5,2,,81-49
3099.1,5369.4,2463.5,2,,81-49
3099.1,5369.4,2448.5,2,,81-49
3099.1,5369.4,2433.5,2,,81-49
3099.1,5369.4,2418.5,2,,81-49
3099.1,5369.4,2403.5,2,12,81-49
3099.1,5369.4,2388.5,2,12,81-49
3099.1,5369.4,2373.5,2,13,81-49
3099.1,5369.4,2358.5,3,13,81-49
3099.1,5369.4,2343.5,3,13,81-49
3099.1,5369.4,2333.75,3,13,81-49
3184.9,5370.9,2617.7,1,15,81-50
3184.9,5370.9,2602.7,1,15,81-50
3184.9,5370.9,2587.7,1,15,81-50
3184.9,5370.9,2572.7,1,15,81-50
3184.9,5370.9,2557.7,1,15,81-50
3184.9,5370.9,2542.7,1,15,81-50
3184.9,5370.9,2527.7,1,15,81-50
3184.9,5370.9,2512.7,1,15,81-50
3184.9,5370.9,2497.7,1,15,81-50
3184.9,5370.9,2482.7,2,15,81-50
3184.9,5370.9,2467.7,2,15,81-50
3184.9,5370.9,2452.7,2,15,81-50
3184.9,5370.9,2437.7,2,15,81-50
3184.9,5370.9,2422.7,2,15,81-50
3184.9,5370.9,2407.7,2,15,81-50
3184.9,5370.9,2392.7,2,15,81-50
3184.9,5370.9,2377.7,2,15,81-50
3184.9,5370.9,2362.7,2,15,81-50
3184.9,5370.9,2347.7,2,15,81-50
3184.9,5370.9,2332.7,2,15,81-50
3260.8,5375.5,2611.2,1,14,81-51
3260.8,5375.5,2596.2,1,16,81-51
3260.8,5375.5,2581.2,1,15,81-51
3260.8,5375.5,2566.2,1,15,81-51
3260.8,5375.5,2551.2,1,15,81-51
3260.8,5375.5,2536.2,1,15,81-51
3260.8,5375.5,2521.2,1,15,81-51
3260.8,5375.5,2506.2,1,15,81-51
3260.8,5375.5,2491.2,2,15,81-51
3260.8,5375.5,2476.2,2,15,81-51
3260.8,5375.5,2461.2,2,15,81-51
3260.8,5375.5,2446.2,2,15,81-51
3260.8,5375.5,2431.2,2,15,81-51
3260.8,5375.5,2416.2,2,15,81-51
3260.8,5375.5,2401.2,2,15,81-51
3260.8,5375.5,2386.2,2,15,81-51
3260.8,5375.5,2371.2,2,15,81-51
3260.8,5375.5,2356.2,2,15,81-51
3260.8,5375.5,2341.2,2,15,81-51
3260.8,5375.5,2329.2,2,15,81-51
2440.5,5506.4,2682.5,1,,81-52
2440.5,5506.4,2667.5,1,16,81-52
2440.5,5506.4,2652.5,1,16,81-52
2440.5,5506.4,2637.5,1,16,81-52
2440.5,5506.4,2622.5,1,16,81-52
2440.5,5506.4,2607.5,1,16,81-52
2440.5,5506.4,2592.5,1,16,81-52
2440.5,5506.4,2577.5,1,16,81-52
2440.5,5506.4,2562.5,1,16,81-52
2440.5,5506.4,2547.5,1,16,81-52
2440.5,5506.4,2532.5,1,16,81-52
2440.5,5506.4,2517.5,1,16,81-52
2440.5,5506.4,2502.5,1,16,81-52
2440.5,5506.4,2487.5,3,16,81-52
2440.5,5506.4,2472.5,3,16,81-52
2440.5,5506.4,2457.5,3,16,81-52
2440.5,5506.4,2442.5,3,16,81-52
2440.5,5506.4,2427.5,3,16,81-52
2440.5,5506.4,2412.5,3,16,81-52
2440.5,5506.4,2397.5,3,16,81-52
2648.4,5452.6,2654.8,1,12,81-53
2648.4,5452.6,2639.8,1,16,81-53
2648.4,5452.6,2624.8,1,16,81-53
2648.4,5452.6,2609.8,1,15,81-53
2648.4,5452.6,2594.8,1,15,81-53
2648.4,5452.6,2579.8,1,15,81-53
2648.4,5452.6,2564.8,1,15,81-53
2648.4,5452.6,2549.8,1,15,81-53
2648.4,5452.6,2534.8,1,15,81-53
2648.4,5452.6,2519.8,3,15,81-53
2648.4,5452.6,2504.8,3,15,81-53
2648.4,5452.6,2489.8,3,15,81-53
2648.4,5452.6,2474.8,3,15,81-53
2648.4,5452.6,2459.8,3,13,81-53
2648.4,5452.6,2444.8,3,13,81-53
2648.4,5452.6,2429.8,3,13,81-53
2648.4,5452.6,2414.8,3,13,81-53
2648.4,5452.6,2399.8,3,13,81-53
2648.4,5452.6,2384.8,3,13,81-53
2648.4,5452.6,2369.8,3,13,81-53
2748.3,5459.1,2644.4,1,13,81-54
2748.3,5459.1,2629.4,1,13,81-54
2748.3,5459.1,2614.4,1,13,81-54
2748.3,5459.1,2599.4,1,13,81-54
2748.3,5459.1,2584.4,1,13,81-54
2748.3,5459.1,2569.4,1,13,81-54
2748.3,5459.1,2554.4,1,13,81-54
2748.3,5459.1,2539.4,1,13,81-54
2748.3,5459.1,2524.4,2,13,81-54
2748.3,5459.1,2509.4,3,13,81-54
2748.3,5459.1,2494.4,3,13,81-54
2748.3,5459.1,2479.4,3,13,81-54
2748.3,5459.1,2464.4,3,13,81-54
2748.3,5459.1,2449.4,3,13,81-54
2748.3,5459.1,2434.4,3,13,81-54
2748.3,5459.1,2419.4,3,13,81-54
2748.3,5459.1,2404.4,3,13,81-54
2748.3,5459.1,2389.4,3,13,81-54
2748.3,5459.1,2374.4,3,13,81-54
2748.3,5459.1,2359.4,3,13,81-54
2847.6,5461.4,2637.5,1,12,81-55
2847.6,5461.4,2622.5,1,13,81-55
2847.6,5461.4,2607.5,1,13,81-55
2847.6,5461.4,2592.5,1,13,81-55
2847.6,5461.4,2577.5,1,13,81-55
2847.6,5461.4,2562.5,1,13,81-55
2847.6,5461.4,2547.5,1,13,81-55
2847.6,5461.4,2532.5,1,13,81-55
2847.6,5461.4,2517.5,3,13,81-55
2847.6,5461.4,2502.5,3,13,81-55
2847.6,5461.4,2487.5,3,12,81-55
2847.6,5461.4,2472.5,3,13,81-55
2847.6,5461.4,2457.5,3,13,81-55
2847.6,5461.4,2442.5,3,13,81-55
2847.6,5461.4,2427.5,3,13,81-55
2847.6,5461.4,2412.5,3,13,81-55
2847.6,5461.4,2397.5,3,13,81-55
2847.6,5461.4,2382.5,3,13,81-55
2847.6,5461.4,2367.5,3,13,81-55
2847.6,5461.4,2352.5,3,13,81-55
2866.9,5460.1,2637.3,1,13,81-56
2866.9,5460.1,2622.3,1,13,81-56
2866.9,5460.1,2607.3,1,13,81-56
2866.9,5460.1,2592.3,1,13,81-56
2959.1,5465.9,2637.9,1,11,81-57
2959.1,5465.9,2622.9,1,13,81-57
2959.1,5465.9,2607.9,1,13,81-57
2959.1,5465.9,2592.9,1,13,81-57
2959.1,5465.9,2577.9,1,13,81-57
2959.1,5465.9,2562.9,1,12,81-57
2959.1,5465.9,2547.9,1,13,81-57
2959.1,5465.9,2532.9,1,13,81-57
2959.1,5465.9,2517.9,3,13,81-57
2959.1,5465.9,2502.9,3,13,81-57
2959.1,5465.9,2487.9,3,13,81-57
2959.1,5465.9,2472.9,3,13,81-57
2959.1,5465.9,2457.9,3,13,81-57
2959.1,5465.9,2442.9,3,13,81-57
2959.1,5465.9,2427.9,3,13,81-57
2959.1,5465.9,2412.9,3,13,81-57
2959.1,5465.9,2397.9,3,13,81-57
2959.1,5465.9,2382.9,3,13,81-57
2959.1,5465.9,2367.9,3,13,81-57
2959.1,5465.9,2352.9,3,13,81-57
3059.5,5455.3,2631.7,1,13,81-58
3059.5,5455.3,2616.7,1,13,81-58
3059.5,5455.3,2601.7,1,13,81-58
3059.5,5455.3,2586.7,1,13,81-58
3059.5,5455.3,2571.7,1,13,81-58
3059.5,5455.3,2556.7,1,13,81-58
3059.5,5455.3,2541.7,1,13,81-58
3059.5,5455.3,2526.7,1,13,81-58
3059.5,5455.3,2511.7,2,13,81-58
3059.5,5455.3,2496.7,3,13,81-58
3059.5,5455.3,2481.7,3,13,81-58
3059.5,5455.3,2466.7,3,13,81-58
3059.5,5455.3,2451.7,3,13,81-58
3059.5,5455.3,2436.7,3,13,81-58
3059.5,5455.3,2421.7,3,13,81-58
3059.5,5455.3,2406.7,3,13,81-58
3059.5,5455.3,2391.7,3,13,81-58
3059.5,5455.3,2376.7,3,13,81-58
3059.5,5455.3,2361.7,3,13,81-58
3059.5,5455.3,2346.7,3,13,81-58
3244.6,5457.9,2607.5,1,16,81-59
3244.6,5457.9,2592.5,1,15,81-59
3244.6,5457.9,2577.5,1,15,81-59
3244.6,5457.9,2562.5,1,15,81-59
3244.6,5457.9,2547.5,1,15,81-59
3244.6,5457.9,2532.5,1,15,81-59
3244.6,5457.9,2517.5,2,15,81-59
3244.6,5457.9,2502.5,2,15,81-59
3244.6,5457.9,2487.5,2,15,81-59
3244.6,5457.9,2472.5,2,15,81-59
3244.6,5457.9,2457.5,2,15,81-59
3244.6,5457.9,2442.5,3,15,81-59
3244.6,5457.9,2427.5,3,15,81-59
3244.6,5457.9,2412.5,3,15,81-59
3244.6,5457.9,2397.5,3,15,81-59
3244.6,5457.9,2382.5,3,15,81-59
3244.6,5457.9,2369.75,3,15,81-59
3081.2,5507.2,2627.3,1,13,81-60
3081.2,5507.2,2612.3,1,13,81-60
3081.2,5507.2,2597.3,1,13,81-60
3081.2,5507.2,2582.3,1,13,81-60
3081.2,5507.2,2574,1,13,81-60
2638.8,5578.9,2661.6,3,12,81-61
2638.8,5578.9,2646.6,3,16,81-61
2638.8,5578.9,2631.6,3,16,81-61
2638.8,5578.9,2616.6,2,16,81-61
2638.8,5578.9,2601.6,1,16,81-61
2638.8,5578.9,2586.6,1,16,81-61
2638.8,5578.9,2571.6,1,16,81-61
2638.8,5578.9,2556.6,1,16,81-61
2638.8,5578.9,2541.6,1,16,81-61
2638.8,5578.9,2526.6,1,16,81-61
2638.8,5578.9,2511.6,1,16,81-61
2638.8,5578.9,2496.6,1,16,81-61
2638.8,5578.9,2481.6,1,16,81-61
2638.8,5578.9,2466.6,1,16,81-61
2638.8,5578.9,2451.6,1,16,81-61
2638.8,5578.9,2436.6,1,16,81-61
2638.8,5578.9,2421.6,1,16,81-61
2638.8,5578.9,2406.6,1,16,81-61
2638.8,5578.9,2393.6,1,16,81-61
2849.6,5557.4,2645.9,2,12,81-62
2849.6,5557.4,2630.9,2,16,81-62
2849.6,5557.4,2615.9,1,16,81-62
2849.6,5557.4,2600.9,1,16,81-62
2849.6,5557.4,2585.9,1,16,81-62
2849.6,5557.4,2570.9,1,16,81-62
2849.6,5557.4,2555.9,1,16,81-62
2849.6,5557.4,2540.9,1,15,81-62
2849.6,5557.4,2525.9,1,15,81-62
2849.6,5557.4,2510.9,1,15,81-62
2849.6,5557.4,2495.9,1,15,81-62
2849.6,5557.4,2480.9,1,15,81-62
2849.6,5557.4,2465.9,1,15,81-62
2849.6,5557.4,2450.9,1,15,81-62
2849.6,5557.4,2435.9,1,15,81-62
2849.6,5557.4,2420.9,1,15,81-62
2849.6,5557.4,2405.9,1,15,81-62
2849.6,5557.4,2390.9,1,15,81-62
2849.6,5557.4,2375.9,1,15,81-62
2849.6,5557.4,2360.9,1,15,81-62
2949.7,5562.1,2635.9,1,14,81-63
2949.7,5562.1,2620.9,1,16,81-63
2949.7,5562.1,2605.9,1,16,81-63
2949.7,5562.1,2590.9,1,16,81-63
2949.7,5562.1,2575.9,1,15,81-63
2949.7,5562.1,2560.9,1,15,81-63
2949.7,5562.1,2545.9,1,15,81-63
2949.7,5562.1,2530.9,1,15,81-63
2949.7,5562.1,2515.9,1,14,81-63
2949.7,5562.1,2500.9,1,13,81-63
2949.7,5562.1,2485.9,1,13,81-63
2949.7,5562.1,2470.9,1,13,81-63
2949.7,5562.1,2455.9,1,13,81-63
2949.7,5562.1,2440.9,1,13,81-63
2949.7,5562.1,2425.9,1,13,81-63
2949.7,5562.1,2410.9,1,13,81-63
2949.7,5562.1,2395.9,1,13,81-63
2949.7,5562.1,2380.9,1,13,81-63
2949.7,5562.1,2365.9,1,13,81-63
2949.7,5562.1,2350.9,1,13,81-63
3070.3,5557.7,2627.2,1,13,81-64
3070.3,5557.7,2612.2,1,15,81-64
3070.3,5557.7,2597.2,1,14,81-64
3070.3,5557.7,2582.2,1,13,81-64
3070.3,5557.7,2567.2,1,13,81-64
3070.3,5557.7,2552.2,1,13,81-64
3070.3,5557.7,2537.2,1,13,81-64
3070.3,5557.7,2522.2,1,13,81-64
3070.3,5557.7,2507.2,1,13,81-64
3070.3,5557.7,2492.2,1,13,81-64
3070.3,5557.7,2477.2,1,13,81-64
3070.3,5557.7,2462.68,1,13,81-64
3244.1,5560.4,2618.3,1,12,81-65
3244.1,5560.4,2603.3,1,16,81-65
3244.1,5560.4,2588.3,1,16,81-65
3244.1,5560.4,2573.3,1,16,81-65
3244.1,5560.4,2558.3,1,16,81-65
3244.1,5560.4,2543.3,1,16,81-65
3244.1,5560.4,2528.3,1,16,81-65
3244.1,5560.4,2513.3,1,16,81-65
3244.1,5560.4,2498.3,1,16,81-65
3244.1,5560.4,2483.3,1,16,81-65
3244.1,5560.4,2468.3,1,16,81-65
3244.1,5560.4,2453.3,1,16,81-65
3244.1,5560.4,2438.3,1,16,81-65
3244.1,5560.4,2423.3,1,16,81-65
3244.1,5560.4,2408.3,1,16,81-65
3244.1,5560.4,2393.3,1,16,81-65
3244.1,5560.4,2378.3,1,16,81-65
3244.1,5560.4,2363.3,1,16,81-65
3244.1,5560.4,2348.3,1,16,81-65
3244.1,5560.4,2333.3,1,16,81-65
2649.1,5673.5,2659.1,3,14,81-66
2649.1,5673.5,2644.1,3,16,81-66
2649.1,5673.5,2629.1,3,16,81-66
2649.1,5673.5,2614.1,3,16,81-66
2649.1,5673.5,2599.1,3,16,81-66
2649.1,5673.5,2584.1,3,16,81-66
2649.1,5673.5,2569.1,3,16,81-66
2649.1,5673.5,2554.1,3,16,81-66
2649.1,5673.5,2539.1,3,16,81-66
2649.1,5673.5,2524.1,3,16,81-66
2649.1,5673.5,2509.1,3,16,81-66
2649.1,5673.5,2494.1,3,16,81-66
2649.1,5673.5,2479.1,3,16,81-66
2649.1,5673.5,2464.1,3,16,81-66
2649.1,5673.5,2449.1,3,16,81-66
2649.1,5673.5,2434.1,3,16,81-66
2649.1,5673.5,2425.95,3,16,81-66
2949.9,5654.8,2637.5,3,14,81-67
2949.9,5654.8,2622.5,3,16,81-67
2949.9,5654.8,2607.5,3,16,81-67
2949.9,5654.8,2592.5,3,16,81-67
2949.9,5654.8,2577.5,3,16,81-67
2949.9,5654.8,2562.5,3,16,81-67
2949.9,5654.8,2547.5,3,16,81-67
2949.9,5654.8,2532.5,3,16,81-67
2949.9,5654.8,2517.5,3,16,81-67
2949.9,5654.8,2502.5,3,15,81-67
2949.9,5654.8,2487.5,3,15,81-67
2949.9,5654.8,2472.5,3,15,81-67
2949.9,5654.8,2457.5,3,15,81-67
2949.9,5654.8,2442.5,3,15,81-67
2949.9,5654.8,2427.5,3,15,81-67
2949.9,5654.8,2412.5,3,15,81-67
2949.9,5654.8,2400.33,3,15,81-67
3153.5,5652.3,2623,3,12,81-68
3153.5,5652.3,2608,3,16,81-68
3153.5,5652.3,2593,3,16,81-68
3153.5,5652.3,2578,3,16,81-68
3153.5,5652.3,2563,3,15,81-68
3153.5,5652.3,2548,3,15,81-68
3153.5,5652.3,2533,3,15,81-68
3153.5,5652.3,2518,3,15,81-68
3153.5,5652.3,2503,3,15,81-68
3153.5,5652.3,2488,3,15,81-68
3153.5,5652.3,2473,3,15,81-68
3153.5,5652.3,2458,3,15,81-68
3153.5,5652.3,2443,3,15,81-68
3153.5,5652.3,2428,3,15,81-68
3153.5,5652.3,2413,3,16,81-68
3153.5,5652.3,2398,3,15,81-68
3153.5,5652.3,2383,3,16,81-68
3153.5,5652.3,2368,3,16,81-68
3153.5,5652.3,2353,3,16,81-68
3153.5,5652.3,2338,3,16,81-68
3153.5,5652.3,2330.23,3,16,81-68
3047.9,5752.5,2637.5,3,14,81-69
3047.9,5752.5,2622.5,3,16,81-69
3047.9,5752.5,2607.5,3,16,81-69
3047.9,5752.5,2592.5,3,16,81-69
3047.9,5752.5,2577.5,3,16,81-69
3047.9,5752.5,2562.5,3,16,81-69
3047.9,5752.5,2547.5,3,16,81-69
3047.9,5752.5,2532.5,3,16,81-69
3047.9,5752.5,2517.5,3,16,81-69
3047.9,5752.5,2502.5,3,16,81-69
3047.9,5752.5,2487.5,3,16,81-69
3047.9,5752.5,2472.5,3,16,81-69
3047.9,5752.5,2457.5,3,16,81-69
3047.9,5752.5,2442.5,3,16,81-69
3047.9,5752.5,2427.5,3,16,81-69
3047.9,5752.5,2412.5,3,16,81-69
3047.9,5752.5,2397.5,3,16,81-69
3047.9,5752.5,2382.5,3,16,81-69
3047.9,5752.5,2367.5,3,16,81-69
3047.9,5752.5,2352.5,3,16,81-69
3047.9,5752.5,2344.73,3,16,81-69
3242.6,5761.7,2632.2,3,16,81-70
3242.6,5761.7,2617.2,3,16,81-70
3242.6,5761.7,2602.2,3,16,81-70
3242.6,5761.7,2587.2,3,16,81-70
3242.6,5761.7,2572.2,3,16,81-70
3242.6,5761.7,2557.2,3,16,81-70
3242.6,5761.7,2542.2,3,16,81-70
3242.6,5761.7,2527.2,3,16,81-70
3242.6,5761.7,2512.2,3,16,81-70
3242.6,5761.7,2497.2,3,16,81-70
3242.6,5761.7,2482.2,3,16,81-70
3242.6,5761.7,2467.2,3,16,81-70
3242.6,5761.7,2452.2,3,16,81-70
3242.6,5761.7,2437.2,3,16,81-70
3242.6,5761.7,2422.2,3,16,81-70
3242.6,5761.7,2407.2,3,16,81-70
3242.6,5761.7,2392.2,3,16,81-70
3242.6,5761.7,2377.2,3,16,81-70
3242.6,5761.7,2362.2,3,16,81-70
3242.6,5761.7,2347.2,3,16,81-70
3242.6,5761.7,2339.65,3,16,81-70
3040.2,5905.3,2651.8,3,,81-71
3040.2,5905.3,2636.8,3,,81-71
3040.2,5905.3,2621.8,3,,81-71
3040.2,5905.3,2606.8,3,,81-71
3040.2,5905.3,2591.8,3,,81-71
3040.2,5905.3,2576.8,3,,81-71
3040.2,5905.3,2561.8,3,,81-71
3040.2,5905.3,2546.8,3,,81-71
3040.2,5905.3,2531.8,3,,81-71
3040.2,5905.3,2516.8,3,,81-71
3040.2,5905.3,2505.65,3,,81-71
2932.2,5011.1,2652.5,2,12,85-72
2932.2,5011.1,2637.5,2,13,85-72
2932.2,5011.1,2622.5,2,13,85-72
2932.2,5011.1,2607.5,2,13,85-72
2932.2,5011.1,2597.03,2,13,85-72
3042,5008.9,2638.2,2,13,85-73
3042,5008.9,2623.2,2,13,85-73
3042,5008.9,2610.65,2,15,85-73
2990.3,5053.6,2648,2,12,85-74
2990.3,5053.6,2633,2,13,85-74
2990.3,5053.6,2618,2,13,85-74
2990.3,5053.6,2603,2,13,85-74
2990.3,5053.6,2592.78,2,13,85-74
2950.4,5108.8,2642.4,2,13,85-75
2950.4,5108.8,2627.4,2,13,85-75
2950.4,5108.8,2613.3,2,12,85-75
3095.2,5054.4,2635.4,2,14,85-76
3095.2,5054.4,2620.4,2,15,85-76
3095.2,5054.4,2607.3,2,15,85-76
2996.8,5108.4,2647.9,2,12,85-77
2996.8,5108.4,2632.9,2,13,85-77
2996.8,5108.4,2619.9,2,13,85-77
3040.4,5106.6,2641.7,2,12,85-78
3040.4,5106.6,2626.7,2,13,85-78
3040.4,5106.6,2612.2,2,13,85-78
3098.1,5108.3,2634.2,2,13,85-79
3098.1,5108.3,2619.2,2,13,85-79
3098.1,5108.3,2606.55,2,13,85-79
3047,5157,2641.5,2,13,85-80
3047,5157,2626.5,2,13,85-80
3047,5157,2611.5,2,13,85-80
3047,5157,2597.95,2,13,85-80
3010.7,5179.2,2646.4,2,12,85-81
3010.7,5179.2,2631.4,2,13,85-81
3010.7,5179.2,2616.4,2,13,85-81
3010.7,5179.2,2601.4,2,13,85-81
3010.7,5179.2,2593.8,2,13,85-81
2947.7,5210.8,2637.5,1,12,85-82
2947.7,5210.8,2622.5,1,13,85-82
2947.7,5210.8,2614.5,1,13,85-82
3047.2,5208.1,2636.5,1,11,85-83
3047.2,5208.1,2621.5,1,12,85-83
3047.2,5208.1,2607.75,1,12,85-83
2997.4,5256.6,2641.5,1,13,85-84
2997.4,5256.6,2629.99,1,13,85-84
3093.1,5246.8,2632.1,1,12,85-85
3093.1,5246.8,2617.1,1,13,85-85
3093.1,5246.8,2605.9,1,13,85-85
2946.1,5314.4,2650.5,1,12,85-86
2946.1,5314.4,2635.5,1,13,85-86
2946.1,5314.4,2627.5,1,13,85-86
3046.4,5312.1,2646.7,1,12,85-87
3046.4,5312.1,2631.7,1,13,85-87
3046.4,5312.1,2616.7,1,13,85-87
3046.4,5312.1,2604.45,1,13,85-87
3094.5,5306.8,2632,1,12,85-88
3094.5,5306.8,2617,1,13,85-88
3094.5,5306.8,2602,1,13,85-88
3094.5,5306.8,2593.35,1,13,85-88
2989.5,5361,2651.3,1,12,85-89
2989.5,5361,2636.3,1,13,85-89
2989.5,5361,2621.3,1,13,85-89
2989.5,5361,2606.3,1,13,85-89
2989.5,5361,2598.2,1,13,85-89
3039.7,5351.9,2639,1,13,85-90
3039.7,5351.9,2624,1,13,85-90
3039.7,5351.9,2609,1,13,85-90
3039.7,5351.9,2594,1,13,85-90
3039.7,5351.9,2584.7,1,13,85-90
3123.4,5340.9,2626.2,1,12,85-91
3123.4,5340.9,2611.2,1,13,85-91
3123.4,5340.9,2598.44,1,13,85-91
2944.8,5413.3,2648.9,1,12,85-92
2944.8,5413.3,2633.9,1,13,85-92
2944.8,5413.3,2618.9,1,13,85-92
2944.8,5413.3,2603.9,1,13,85-92
2944.8,5413.3,2595.24,1,13,85-92
3046.6,5408.7,2633.5,1,12,85-93
3046.6,5408.7,2618.5,1,13,85-93
3046.6,5408.7,2605.98,1,13,85-93
3094.7,5409.7,2627.4,1,11,85-94
3094.7,5409.7,2612.4,1,13,85-94
3094.7,5409.7,2598.5,1,13,85-94
3144.6,5405.1,2621.85,1,14,85-95
3144.6,5405.1,2606.85,1,15,85-95
3144.6,5405.1,2594.34,1,15,85-95
2997.5,5459.6,2636.6,1,13,85-96
2997.5,5459.6,2621.6,1,13,85-96
2997.5,5459.6,2608.3,1,13,85-96
3092.9,5458.5,2628.1,1,13,85-97
3092.9,5458.5,2613.1,1,13,85-97
3092.9,5458.5,2598.1,1,13,85-97
3092.9,5458.5,2589.95,1,13,85-97
3141,5459,2621.6,1,15,85-98
3141,5459,2606.6,1,15,85-98
3141,5459,2593.4,1,15,85-98
2601.35,4757.27,2666.4,2,16,90-99
2605.65,4763.42,2653.41,2,16,90-99
2609.95,4769.56,2640.42,2,16,90-99
2614.26,4775.7,2627.43,2,16,90-99
2618.56,4781.85,2614.44,2,15,90-99
2622.86,4787.99,2601.45,2,15,90-99
2627.16,4794.13,2588.46,2,15,90-99
2631.46,4800.28,2575.47,2,15,90-99
2635.77,4806.42,2562.48,2,13,90-99
2640.07,4812.56,2549.49,2,13,90-99
2644.37,4818.71,2536.5,2,13,90-99
2648.67,4824.85,2523.51,2,13,90-99
2652.97,4831,2510.52,2,13,90-99
2657.27,4837.14,2497.53,2,13,90-99
2661.58,4843.28,2484.54,2,13,90-99
2665.88,4849.43,2471.55,2,13,90-99
2670.18,4855.57,2458.56,2,13,90-99
2673.08,4859.72,2449.79,2,13,90-99
3120.89,4863.97,2638.5,2,14,90-100
3116.07,4869.72,2625.51,2,16,90-100
3111.25,4875.46,2612.52,2,16,90-100
3106.43,4881.21,2599.53,2,16,90-100
3101.61,4886.95,2586.54,2,16,90-100
3096.79,4892.7,2573.55,2,16,90-100
3091.96,4898.44,2560.56,2,16,90-100
3087.14,4904.19,2547.57,2,16,90-100
3082.32,4909.94,2534.58,2,16,90-100
3077.5,4915.68,2521.59,2,16,90-100
3072.68,4921.43,2508.6,2,15,90-100
3067.86,4927.17,2495.61,2,15,90-100
3063.04,4932.92,2482.62,2,15,90-100
3058.22,4938.66,2469.63,2,15,90-100
3053.4,4944.41,2456.64,2,15,90-100
3048.58,4950.15,2443.65,2,15,90-100
3043.76,4955.9,2430.66,2,15,90-100
3038.93,4961.64,2417.67,2,15,90-100
3034.11,4967.39,2404.68,2,14,90-100
3029.29,4973.13,2391.69,2,13,90-100
3024.47,4978.88,2378.7,2,13,90-100
3019.65,4984.62,2365.71,2,13,90-100
3014.83,4990.37,2352.72,2,13,90-100
3010.01,4996.12,2339.73,2,13,90-100
3005.19,5001.86,2326.74,2,13,90-100
3000.37,5007.61,2313.75,2,13,90-100
2996.19,5012.59,2302.49,2,13,90-100
2288.75,5158,2668.5,2,16,90-101
2296.25,5158,2655.51,2,16,90-101
2303.75,5158,2642.52,2,16,90-101
2311.25,5158,2629.53,2,16,90-101
2318.75,5158,2616.54,2,16,90-101
2326.25,5158,2603.55,2,15,90-101
2333.75,5158,2590.56,2,15,90-101
2341.25,5158,2577.57,1,15,90-101
2348.75,5158,2564.58,1,15,90-101
2356.25,5158,2551.59,1,15,90-101
2363.75,5158,2538.6,1,15,90-101
2371.25,5158,2525.61,1,13,90-101
2378.75,5158,2512.62,1,13,90-101
2386.25,5158,2499.63,1,13,90-101
2393.75,5158,2486.64,1,13,90-101
2401.25,5158,2473.65,1,13,90-101
2408.75,5158,2460.66,1,13,90-101
2416.25,5158,2447.67,2,13,90-101
2423.75,5158,2434.68,2,13,90-101
2431.25,5158,2421.69,2,13,90-101
2438.75,5158,2408.7,2,13,90-101
2446.25,5158,2395.71,2,13,90-101
2453.75,5158,2382.72,2,13,90-101
2461.25,5158,2369.73,2,13,90-101
2468.75,5158,2356.74,3,13,90-101
2476.25,5158,2343.75,3,13,90-101
2482.83,5158,2332.36,3,13,90-101
3337.75,5155,2623.5,2,14,90-102
3330.25,5155,2610.51,2,16,90-102
3322.75,5155,2597.52,2,16,90-102
3315.25,5155,2584.53,2,16,90-102
3307.75,5155,2571.54,2,16,90-102
3300.25,5155,2558.55,2,16,90-102
3292.75,5155,2545.56,1,16,90-102
3285.25,5155,2532.57,1,16,90-102
3277.75,5155,2519.58,1,15,90-102
3270.25,5155,2506.59,1,15,90-102
3262.75,5155,2493.6,1,15,90-102
3255.25,5155,2480.61,1,15,90-102
3247.75,5155,2467.62,1,15,90-102
3240.25,5155,2454.63,1,14,90-102
3232.75,5155,2441.64,2,13,90-102
3225.25,5155,2428.65,2,13,90-102
3217.75,5155,2415.66,2,13,90-102
3210.25,5155,2402.67,2,13,90-102
3202.75,5155,2389.68,2,13,90-102
3195.25,5155,2376.69,2,13,90-102
3187.75,5155,2363.7,2,13,90-102
3180.25,5155,2350.71,2,13,90-102
3172.75,5155,2337.72,2,13,90-102
3165.25,5155,2324.73,2,13,90-102
3157.75,5155,2311.74,2,13,90-102
3150.25,5155,2298.75,2,13,90-102
3143.76,5155,2287.51,2,13,90-102
2463.91,5549.13,2681.6,1,,90-102A
2468.73,5543.38,2668.61,1,,90-102A
2473.55,5537.64,2655.62,1,16,90-102A
2478.37,5531.89,2642.63,1,16,90-102A
2483.19,5526.15,2629.64,1,16,90-102A
2488.01,5520.4,2616.65,1,16,90-102A
2492.84,5514.66,2603.66,1,16,90-102A
2497.66,5508.91,2590.67,1,16,90-102A
2502.48,5503.16,2577.68,1,16,90-102A
2507.3,5497.42,2564.69,1,16,90-102A
2512.12,5491.67,2551.7,1,16,90-102A
2516.94,5485.93,2538.71,1,16,90-102A
2521.76,5480.18,2525.72,3,16,90-102A
2526.58,5474.44,2512.73,3,16,90-102A
2531.4,5468.69,2499.74,3,16,90-102A
2536.22,5462.95,2486.75,3,16,90-102A
2541.04,5457.2,2473.76,3,16,90-102A
2545.87,5451.46,2460.77,3,16,90-102A
2550.69,5445.71,2447.78,3,16,90-102A
2555.51,5439.97,2434.79,3,16,90-102A
2560.33,5434.22,2421.8,3,15,90-102A
2565.15,5428.48,2408.81,3,15,90-102A
2569.97,5422.73,2395.82,3,15,90-102A
2574.79,5416.98,2382.83,3,15,90-102A
2579.61,5411.24,2369.84,3,14,90-102A
2584.43,5405.49,2356.85,3,13,90-102A
2588.67,5400.45,2345.44,3,13,90-102A
3141.65,5647.43,2624.5,3,16,90-103
3137.35,5641.28,2611.51,3,16,90-103
3133.05,5635.14,2598.52,3,16,90-103
3128.74,5629,2585.53,3,16,90-103
3124.44,5622.85,2572.54,3,15,90-103
3120.14,5616.71,2559.55,3,15,90-103
3115.84,5610.57,2546.56,3,15,90-103
3111.54,5604.42,2533.57,2,15,90-103
3107.23,5598.28,2520.58,1,15,90-103
3102.93,5592.14,2507.59,1,14,90-103
3098.63,5585.99,2494.6,1,13,90-103
3094.33,5579.85,2481.61,1,13,90-103
3090.03,5573.7,2468.62,1,13,90-103
3085.73,5567.56,2455.63,1,13,90-103
3081.42,5561.42,2442.64,1,13,90-103
3077.12,5555.27,2429.65,1,13,90-103
3072.82,5549.13,2416.66,1,13,90-103
3068.52,5542.99,2403.67,1,13,90-103
3064.22,5536.84,2390.68,1,13,90-103
3059.91,5530.7,2377.69,1,13,90-103
3055.61,5524.56,2364.7,1,13,90-103
3051.31,5518.41,2351.71,1,13,90-103
3047.01,5512.27,2338.72,1,13,90-103
3042.71,5506.12,2325.73,1,13,90-103
3038.41,5499.98,2312.74,1,13,90-103
3034.1,5493.84,2299.75,1,13,90-103
3030.35,5488.48,2288.42,1,13,90-103
2745.1,4844.4,2656.5,2,13,90-104
2745.1,4844.4,2641.5,2,13,90-104
2745.1,4844.4,2626.5,2,13,90-104
2745.1,4844.4,2611.5,2,13,90-104
2745.1,4844.4,2596.5,2,13,90-104
2745.1,4844.4,2581.5,2,13,90-104
2745.1,4844.4,2566.5,2,13,90-104
2745.1,4844.4,2551.5,2,13,90-104
2745.1,4844.4,2536.5,2,13,90-104
2745.1,4844.4,2521.5,2,13,90-104
2745.1,4844.4,2506.5,2,13,90-104
2745.1,4844.4,2491.5,2,13,90-104
2745.1,4844.4,2476.5,2,13,90-104
2745.1,4844.4,2461.5,2,13,90-104
2745.1,4844.4,2446.5,2,13,90-104
2745.1,4844.4,2431.5,2,13,90-104
2745.1,4844.4,2416.5,2,13,90-104
2745.1,4844.4,2401.5,2,13,90-104
2745.1,4844.4,2386.5,2,13,90-104
2745.1,4844.4,2371.5,2,13,90-104
2745.1,4844.4,2356.5,2,13,90-104
2745.1,4844.4,2341.5,2,13,90-104
2745.1,4844.4,2326.5,2,13,90-104
2745.1,4844.4,2311.5,2,13,90-104
2745.1,4844.4,2296.5,2,13,90-104
2745.1,4844.4,2281.5,2,13,90-104
2745.1,4844.4,2268,2,13,90-104
2517.9,4923.9,2657.5,2,15,90-105
2517.9,4923.9,2642.5,2,15,90-105
2517.9,4923.9,2627.5,2,15,90-105
2517.9,4923.9,2612.5,2,15,90-105
2517.9,4923.9,2597.5,2,15,90-105
2517.9,4923.9,2582.5,2,14,90-105
2517.9,4923.9,2567.5,2,15,90-105
2517.9,4923.9,2552.5,2,15,90-105
2517.9,4923.9,2537.5,2,15,90-105
2517.9,4923.9,2522.5,2,13,90-105
2517.9,4923.9,2507.5,2,13,90-105
2517.9,4923.9,2492.5,2,13,90-105
2517.9,4923.9,2477.5,2,13,90-105
2517.9,4923.9,2462.5,2,13,90-105
2517.9,4923.9,2447.5,2,13,90-105
2517.9,4923.9,2432.5,2,13,90-105
2517.9,4923.9,2417.5,2,13,90-105
2517.9,4923.9,2402.5,2,13,90-105
2517.9,4923.9,2387.5,2,13,90-105
2517.9,4923.9,2372.5,2,13,90-105
2517.9,4923.9,2357.5,2,13,90-105
2517.9,4923.9,2342.5,2,13,90-105
2517.9,4923.9,2327.5,2,13,90-105
2517.9,4923.9,2312.5,2,13,90-105
2517.9,4923.9,2297.5,2,13,90-105
2517.9,4923.9,2282.5,2,13,90-105
2517.9,4923.9,2274,2,13,90-105
2373.6,4973.6,2666.6,2,12,90-106
2373.6,4973.6,2651.6,2,15,90-106
2373.6,4973.6,2636.6,2,15,90-106
2373.6,4973.6,2621.6,2,15,90-106
2373.6,4973.6,2606.6,2,15,90-106
2373.6,4973.6,2591.6,2,15,90-106
2373.6,4973.6,2576.6,2,15,90-106
2373.6,4973.6,2561.6,2,15,90-106
2373.6,4973.6,2546.6,2,15,90-106
2373.6,4973.6,2531.6,2,13,90-106
2373.6,4973.6,2516.6,2,13,90-106
2373.6,4973.6,2501.6,2,13,90-106
2373.6,4973.6,2486.6,2,13,90-106
2373.6,4973.6,2471.6,1,13,90-106
2373.6,4973.6,2456.6,1,13,90-106
2373.6,4973.6,2441.6,1,13,90-106
2373.6,4973.6,2426.6,1,13,90-106
2373.6,4973.6,2411.6,1,13,90-106
2373.6,4973.6,2396.6,1,13,90-106
2373.6,4973.6,2381.6,2,13,90-106
2373.6,4973.6,2366.6,2,13,90-106
2373.6,4973.6,2351.6,2,13,90-106
2373.6,4973.6,2336.6,2,13,90-106
2373.6,4973.6,2321.6,2,13,90-106
2373.6,4973.6,2306.6,2,13,90-106
2373.6,4973.6,2291.6,2,13,90-106
2373.6,4973.6,2278.1,3,13,90-106
2641.7,4963,2653.6,2,11,90-107
2641.7,4963,2638.6,2,13,90-107
2641.7,4963,2623.6,2,13,90-107
2641.7,4963,2608.6,2,13,90-107
2641.7,4963,2593.6,2,13,90-107
2641.7,4963,2578.6,2,13,90-107
2641.7,4963,2563.6,2,13,90-107
2641.7,4963,2548.6,2,13,90-107
2641.7,4963,2533.6,2,13,90-107
2641.7,4963,2518.6,2,13,90-107
2641.7,4963,2503.6,2,13,90-107
2641.7,4963,2488.6,2,13,90-107
2641.7,4963,2473.6,1,13,90-107
2641.7,4963,2458.6,1,13,90-107
2641.7,4963,2443.6,1,13,90-107
2641.7,4963,2428.6,1,13,90-107
2641.7,4963,2413.6,2,13,90-107
2641.7,4963,2398.6,2,13,90-107
2641.7,4963,2383.6,2,13,90-107
2641.7,4963,2368.6,2,13,90-107
2641.7,4963,2353.6,2,13,90-107
2641.7,4963,2338.6,2,13,90-107
2641.7,4963,2323.6,2,13,90-107
2641.7,4963,2308.6,2,13,90-107
2641.7,4963,2293.6,2,13,90-107
2641.7,4963,2278.6,2,13,90-107
2641.7,4963,2264.65,2,13,90-107
2848.3,4957,2652.5,2,12,90-108
2848.3,4957,2637.5,2,13,90-108
2848.3,4957,2622.5,2,13,90-108
2848.3,4957,2607.5,2,13,90-108
2848.3,4957,2592.5,2,13,90-108
2848.3,4957,2577.5,2,13,90-108
2848.3,4957,2562.5,2,13,90-108
2848.3,4957,2547.5,2,13,90-108
2848.3,4957,2532.5,2,13,90-108
2848.3,4957,2517.5,2,13,90-108
2848.3,4957,2502.5,2,13,90-108
2848.3,4957,2487.5,2,13,90-108
2848.3,4957,2472.5,2,13,90-108
2848.3,4957,2457.5,1,13,90-108
2848.3,4957,2442.5,1,13,90-108
2848.3,4957,2427.5,2,13,90-108
2848.3,4957,2414.5,2,13,90-108
2464.8,5063.1,2661.5,2,12,90-110
2464.8,5063.1,2646.5,2,15,90-110
2464.8,5063.1,2631.5,2,15,90-110
2464.8,5063.1,2616.5,2,15,90-110
2464.8,5063.1,2601.5,2,15,90-110
2464.8,5063.1,2586.5,2,15,90-110
2464.8,5063.1,2571.5,2,15,90-110
2464.8,5063.1,2556.5,2,15,90-110
2464.8,5063.1,2541.5,2,15,90-110
2464.8,5063.1,2526.5,2,15,90-110
2464.8,5063.1,2511.5,1,13,90-110
2464.8,5063.1,2496.5,1,13,90-110
2464.8,5063.1,2481.5,1,13,90-110
2464.8,5063.1,2466.5,1,13,90-110
2464.8,5063.1,2451.5,1,13,90-110
2464.8,5063.1,2436.5,1,13,90-110
2464.8,5063.1,2421.5,2,13,90-110
2464.8,5063.1,2406.5,2,13,90-110
2464.8,5063.1,2391.5,2,13,90-110
2464.8,5063.1,2376.5,2,13,90-110
2464.8,5063.1,2361.5,2,13,90-110
2464.8,5063.1,2346.5,2,13,90-110
2464.8,5063.1,2331.5,2,12,90-110
2464.8,5063.1,2316.5,2,12,90-110
2464.8,5063.1,2301.5,3,12,90-110
2464.8,5063.1,2286.5,3,12,90-110
2464.8,5063.1,2273,3,13,90-110
2649.6,5063.2,2650.4,2,12,90-111
2649.6,5063.2,2635.4,2,13,90-111
2649.6,5063.2,2620.4,2,13,90-111
2649.6,5063.2,2605.4,2,13,90-111
2649.6,5063.2,2590.4,2,13,90-111
2649.6,5063.2,2575.4,2,13,90-111
2649.6,5063.2,2560.4,2,13,90-111
2649.6,5063.2,2545.4,2,13,90-111
2649.6,5063.2,2530.4,2,13,90-111
2649.6,5063.2,2515.4,1,13,90-111
2649.6,5063.2,2500.4,1,13,90-111
2649.6,5063.2,2485.4,1,13,90-111
2649.6,5063.2,2470.4,1,13,90-111
2649.6,5063.2,2455.4,1,13,90-111
2649.6,5063.2,2440.4,1,12,90-111
2649.6,5063.2,2425.4,2,12,90-111
2649.6,5063.2,2410.4,2,12,90-111
2649.6,5063.2,2395.4,2,12,90-111
2649.6,5063.2,2380.4,2,12,90-111
2649.6,5063.2,2365.4,2,12,90-111
2649.6,5063.2,2350.4,2,12,90-111
2649.6,5063.2,2335.4,2,12,90-111
2649.6,5063.2,2320.4,2,13,90-111
2649.6,5063.2,2305.4,2,13,90-111
2649.6,5063.2,2290.4,2,13,90-111
2649.6,5063.2,2275.4,2,13,90-111
2649.6,5063.2,2263.4,3,13,90-111
2894.6,5101.5,2638.9,2,11,90-112
2894.6,5101.5,2623.9,2,13,90-112
2894.6,5101.5,2608.9,2,13,90-112
2894.6,5101.5,2593.9,2,13,90-112
2894.6,5101.5,2578.9,2,13,90-112
2894.6,5101.5,2563.9,2,13,90-112
2894.6,5101.5,2548.9,2,13,90-112
2894.6,5101.5,2533.9,1,13,90-112
2894.6,5101.5,2518.9,1,12,90-112
2894.6,5101.5,2503.9,1,12,90-112
2894.6,5101.5,2488.9,1,12,90-112
2894.6,5101.5,2473.9,1,12,90-112
2894.6,5101.5,2458.9,1,12,90-112
2894.6,5101.5,2443.9,1,12,90-112
2894.6,5101.5,2428.9,2,12,90-112
2894.6,5101.5,2413.9,2,12,90-112
2894.6,5101.5,2398.9,2,12,90-112
2894.6,5101.5,2383.9,2,12,90-112
2894.6,5101.5,2368.9,2,12,90-112
2894.6,5101.5,2353.9,2,12,90-112
2894.6,5101.5,2338.9,2,12,90-112
2894.6,5101.5,2323.9,2,12,90-112
2894.6,5101.5,2308.9,2,12,90-112
2894.6,5101.5,2293.9,2,12,90-112
2894.6,5101.5,2278.9,2,12,90-112
2894.6,5101.5,2263.9,2,13,90-112
2894.6,5101.5,2251.15,2,13,90-112
3021.23,5108.5,2647.35,2,12,90-113
3016.1,5108.5,2633.26,2,13,90-113
3010.97,5108.5,2619.16,2,13,90-113
3005.84,5108.5,2605.07,2,13,90-113
3000.71,5108.5,2590.97,2,13,90-113
2995.58,5108.5,2576.88,2,13,90-113
2990.45,5108.5,2562.78,2,12,90-113
2985.32,5108.5,2548.68,2,12,90-113
2980.19,5108.5,2534.59,1,12,90-113
2975.06,5108.5,2520.49,1,12,90-113
2969.93,5108.5,2506.4,1,12,90-113
2964.8,5108.5,2492.3,1,12,90-113
2959.67,5108.5,2478.21,1,12,90-113
2954.54,5108.5,2464.11,1,12,90-113
2949.41,5108.5,2450.02,1,13,90-113
2944.28,5108.5,2435.92,2,13,90-113
2939.15,5108.5,2421.83,2,12,90-113
2936.46,5108.5,2414.43,2,13,90-113
2902.02,5207,2638.58,1,13,90-114
2909.06,5207,2625.33,1,13,90-114
2916.11,5207,2612.09,1,13,90-114
2923.15,5207,2598.85,1,13,90-114
2930.19,5207,2585.6,1,13,90-114
2937.23,5207,2572.36,1,13,90-114
2944.27,5207,2559.11,1,13,90-114
2951.32,5207,2545.87,1,13,90-114
2958.36,5207,2532.62,1,13,90-114
2965.4,5207,2519.38,1,13,90-114
2972.44,5207,2506.14,1,12,90-114
2979.48,5207,2492.89,1,12,90-114
2986.53,5207,2479.65,1,12,90-114
2993.57,5207,2466.4,1,12,90-114
3000.61,5207,2453.16,2,12,90-114
3007.65,5207,2439.91,2,12,90-114
3014.69,5207,2426.67,2,12,90-114
3021.74,5207,2413.43,2,12,90-114
3028.78,5207,2400.18,2,12,90-114
3035.82,5207,2386.94,2,12,90-114
3042.86,5207,2373.69,2,12,90-114
3049.9,5207,2360.45,2,12,90-114
3056.95,5207,2347.21,2,13,90-114
3063.99,5207,2333.96,2,13,90-114
3071.03,5207,2320.72,2,13,90-114
3078.07,5207,2307.47,2,13,90-114
3082.35,5207,2299.44,2,13,90-114
2703.4,5316.7,2649.9,1,12,90-115
2703.4,5316.7,2634.9,1,13,90-115
2703.4,5316.7,2619.9,1,13,90-115
2703.4,5316.7,2604.9,1,13,90-115
2703.4,5316.7,2589.9,1,13,90-115
2703.4,5316.7,2574.9,1,13,90-115
2703.4,5316.7,2559.9,1,13,90-115
2703.4,5316.7,2544.9,1,13,90-115
2703.4,5316.7,2529.9,1,13,90-115
2703.4,5316.7,2514.9,1,13,90-115
2703.4,5316.7,2499.9,1,13,90-115
2703.4,5316.7,2484.9,2,13,90-115
2703.4,5316.7,2469.9,3,13,90-115
2703.4,5316.7,2454.9,3,13,90-115
2703.4,5316.7,2439.9,3,13,90-115
2703.4,5316.7,2424.9,3,13,90-115
2703.4,5316.7,2409.9,3,13,90-115
2703.4,5316.7,2394.9,3,13,90-115
2703.4,5316.7,2379.9,3,13,90-115
2703.4,5316.7,2364.9,3,13,90-115
2703.4,5316.7,2349.9,3,13,90-115
2703.4,5316.7,2334.9,3,13,90-115
2703.4,5316.7,2319.9,3,13,90-115
2703.4,5316.7,2304.9,3,13,90-115
2703.4,5316.7,2289.9,3,13,90-115
2703.4,5316.7,2274.9,3,13,90-115
2703.4,5316.7,2264.7,3,13,90-115
3138.05,5313.9,2625.3,1,15,90-116
3130.55,5313.9,2612.31,1,14,90-116
3123.05,5313.9,2599.32,1,13,90-116
3115.55,5313.9,2586.33,1,13,90-116
3108.05,5313.9,2573.34,1,13,90-116
3100.55,5313.9,2560.35,1,13,90-116
3093.05,5313.9,2547.36,1,13,90-116
3085.55,5313.9,2534.37,1,13,90-116
3078.05,5313.9,2521.38,1,13,90-116
3070.55,5313.9,2508.39,1,12,90-116
3063.05,5313.9,2495.4,1,12,90-116
3055.55,5313.9,2482.41,1,12,90-116
3048.05,5313.9,2469.42,2,12,90-116
3040.55,5313.9,2456.43,2,13,90-116
3033.05,5313.9,2443.44,2,13,90-116
3025.55,5313.9,2430.45,2,12,90-116
3018.05,5313.9,2417.46,2,12,90-116
3010.55,5313.9,2404.47,2,12,90-116
3003.05,5313.9,2391.48,2,12,90-116
2995.55,5313.9,2378.49,2,12,90-116
2988.05,5313.9,2365.5,2,12,90-116
2980.55,5313.9,2352.51,2,12,90-116
2973.05,5313.9,2339.52,2,13,90-116
2965.55,5313.9,2326.53,3,13,90-116
2958.05,5313.9,2313.54,3,13,90-116
2950.55,5313.9,2300.55,3,13,90-116
2944.19,5313.9,2289.53,3,14,90-116
2895.72,5410.2,2643.38,1,11,90-117
2902.76,5410.2,2630.13,1,13,90-117
2909.81,5410.2,2616.89,1,13,90-117
2916.85,5410.2,2603.65,1,12,90-117
2923.89,5410.2,2590.4,1,12,90-117
2930.93,5410.2,2577.16,1,12,90-117
2937.97,5410.2,2563.91,1,12,90-117
2945.02,5410.2,2550.67,1,12,90-117
2952.06,5410.2,2537.42,1,12,90-117
2959.1,5410.2,2524.18,1,12,90-117
2966.14,5410.2,2510.94,1,12,90-117
2973.18,5410.2,2497.69,2,12,90-117
2980.23,5410.2,2484.45,3,12,90-117
2987.27,5410.2,2471.2,3,12,90-117
2994.31,5410.2,2457.96,3,12,90-117
3001.35,5410.2,2444.71,3,12,90-117
3007.41,5410.2,2433.32,3,12,90-117
2297.6,4809.1,2667.5,2,15,92-118
2297.6,4809.1,2652.5,2,15,92-118
2297.6,4809.1,2637.5,2,15,92-118
2297.6,4809.1,2622.5,2,15,92-118
2297.6,4809.1,2607.5,2,15,92-118
2297.6,4809.1,2592.5,2,15,92-118
2297.6,4809.1,2577.5,2,15,92-118
2297.6,4809.1,2562.5,2,15,92-118
2297.6,4809.1,2547.5,2,15,92-118
2297.6,4809.1,2532.5,2,15,92-118
2297.6,4809.1,2517.5,2,15,92-118
2297.6,4809.1,2502.5,2,15,92-118
2297.6,4809.1,2487.5,2,15,92-118
2297.6,4809.1,2472.5,2,15,92-118
2297.6,4809.1,2457.5,2,15,92-118
2297.6,4809.1,2442.5,2,15,92-118
2297.6,4809.1,2427.5,2,15,92-118
2297.6,4809.1,2412.5,2,15,92-118
2297.6,4809.1,2397.5,2,15,92-118
2297.6,4809.1,2382.5,2,16,92-118
2297.6,4809.1,2367.5,2,16,92-118
2297.6,4809.1,2352.5,2,16,92-118
2297.6,4809.1,2337.5,2,16,92-118
2297.6,4809.1,2322.5,2,16,92-118
2297.6,4809.1,2307.5,2,16,92-118
2297.6,4809.1,2292.5,2,16,92-118
2297.6,4809.1,2277.5,2,16,92-118
2297.6,4809.1,2262.5,2,16,92-118
2297.6,4809.1,2247.5,2,16,92-118
2297.6,4809.1,2232.5,2,16,92-118
2297.6,4809.1,2217.5,2,16,92-118
2297.6,4809.1,2202.5,2,16,92-118
2297.6,4809.1,2187.5,2,16,92-118
2297.6,4809.1,2172.5,2,16,92-118
2297.6,4809.1,2157.5,2,16,92-118
2297.6,4809.1,2142.5,2,16,92-118
2297.6,4809.1,2127.5,2,16,92-118
2297.6,4809.1,2112.5,2,16,92-118
2297.6,4809.1,2097.5,2,16,92-118
2297.6,4809.1,2086.45,2,16,92-118
2493.4,4811.4,2665.7,2,16,92-119
2493.4,4811.4,2650.7,2,16,92-119
2493.4,4811.4,2635.7,2,16,92-119
2493.4,4811.4,2620.7,2,16,92-119
2493.4,4811.4,2605.7,2,16,92-119
2493.4,4811.4,2590.7,2,16,92-119
2493.4,4811.4,2575.7,2,16,92-119
2493.4,4811.4,2560.7,2,16,92-119
2493.4,4811.4,2545.7,2,15,92-119
2493.4,4811.4,2530.7,2,15,92-119
2493.4,4811.4,2515.7,2,15,92-119
2493.4,4811.4,2500.7,2,15,92-119
2493.4,4811.4,2485.7,2,15,92-119
2493.4,4811.4,2470.7,2,15,92-119
2493.4,4811.4,2455.7,2,15,92-119
2493.4,4811.4,2440.7,2,13,92-119
2493.4,4811.4,2425.7,2,13,92-119
2493.4,4811.4,2410.7,2,13,92-119
2493.4,4811.4,2395.7,2,13,92-119
2493.4,4811.4,2380.7,2,13,92-119
2493.4,4811.4,2365.7,2,13,92-119
2493.4,4811.4,2350.7,2,13,92-119
2493.4,4811.4,2335.7,2,13,92-119
2493.4,4811.4,2320.7,2,13,92-119
2493.4,4811.4,2305.7,2,13,92-119
2493.4,4811.4,2290.7,2,13,92-119
2493.4,4811.4,2275.7,2,13,92-119
2493.4,4811.4,2260.7,2,13,92-119
2493.4,4811.4,2245.7,2,13,92-119
2493.4,4811.4,2230.7,2,13,92-119
2493.4,4811.4,2215.7,2,13,92-119
2493.4,4811.4,2200.7,2,13,92-119
2493.4,4811.4,2185.7,2,13,92-119
2493.4,4811.4,2170.7,2,15,92-119
2493.4,4811.4,2155.7,2,15,92-119
2493.4,4811.4,2140.7,2,15,92-119
2493.4,4811.4,2125.7,2,16,92-119
2493.4,4811.4,2110.7,2,16,92-119
2493.4,4811.4,2095.7,2,16,92-119
2493.4,4811.4,2080.7,2,16,92-119
2493.4,4811.4,2073.13,2,16,92-119
3006.69,4828,2637.72,2,16,92-120
3003.06,4828,2623.17,2,16,92-120
2999.43,4828,2608.61,2,16,92-120
2995.8,4828,2594.06,2,15,92-120
2992.17,4828,2579.51,2,16,92-120
2988.54,4828,2564.95,2,16,92-120
2984.91,4828,2550.4,2,16,92-120
2981.28,4828,2535.84,2,16,92-120
2977.65,4828,2521.29,2,15,92-120
2974.03,4828,2506.73,2,15,92-120
2970.4,4828,2492.18,2,15,92-120
2966.77,4828,2477.62,2,15,92-120
2963.14,4828,2463.07,2,15,92-120
2959.51,4828,2448.52,2,15,92-120
2955.88,4828,2433.96,2,15,92-120
2952.25,4828,2419.41,2,15,92-120
2948.62,4828,2404.85,2,15,92-120
2945,4828,2390.3,2,15,92-120
2941.37,4828,2375.74,2,15,92-120
2937.74,4828,2361.19,2,15,92-120
2934.11,4828,2346.63,2,15,92-120
2930.48,4828,2332.08,2,13,92-120
2926.85,4828,2317.53,2,13,92-120
2923.22,4828,2302.97,2,15,92-120
2919.59,4828,2288.42,2,15,92-120
2915.96,4828,2273.86,2,13,92-120
2912.34,4828,2259.31,2,13,92-120
2908.71,4828,2244.75,2,13,92-120
2905.08,4828,2230.2,2,15,92-120
2901.45,4828,2215.64,2,13,92-120
2897.82,4828,2201.09,2,15,92-120
2894.19,4828,2186.54,2,15,92-120
2890.56,4828,2171.98,2,15,92-120
2886.93,4828,2157.43,2,15,92-120
2883.31,4828,2142.87,2,15,92-120
2879.68,4828,2128.32,2,16,92-120
2876.05,4828,2113.76,2,16,92-120
2872.42,4828,2099.21,2,16,92-120
2868.79,4828,2084.65,2,16,92-120
2865.16,4828,2070.1,2,16,92-120
2863.3,4828,2062.65,2,16,92-120
2509.3,5014,2657.8,2,15,92-121
2509.3,5014,2642.8,2,15,92-121
2509.3,5014,2627.8,2,15,92-121
2509.3,5014,2612.8,2,15,92-121
2509.3,5014,2597.8,2,14,92-121
2509.3,5014,2582.8,2,13,92-121
2509.3,5014,2567.8,2,13,92-121
2509.3,5014,2552.8,2,13,92-121
2509.3,5014,2537.8,2,13,92-121
2509.3,5014,2522.8,2,13,92-121
2509.3,5014,2507.8,2,13,92-121
2509.3,5014,2492.8,1,13,92-121
2509.3,5014,2477.8,1,13,92-121
2509.3,5014,2462.8,1,13,92-121
2509.3,5014,2447.8,1,13,92-121
2509.3,5014,2432.8,1,13,92-121
2509.3,5014,2417.8,1,13,92-121
2509.3,5014,2402.8,2,13,92-121
2509.3,5014,2387.8,2,13,92-121
2509.3,5014,2372.8,2,13,92-121
2509.3,5014,2357.8,2,13,92-121
2509.3,5014,2342.8,2,13,92-121
2509.3,5014,2327.8,2,13,92-121
2509.3,5014,2312.8,2,13,92-121
2509.3,5014,2297.8,2,13,92-121
2509.3,5014,2282.8,2,13,92-121
2509.3,5014,2267.8,3,13,92-121
2509.3,5014,2252.8,3,13,92-121
2509.3,5014,2237.8,3,13,92-121
2509.3,5014,2222.8,3,13,92-121
2509.3,5014,2207.8,3,13,92-121
2509.3,5014,2192.8,3,13,92-121
2509.3,5014,2177.8,3,13,92-121
2509.3,5014,2162.8,3,13,92-121
2509.3,5014,2147.8,3,14,92-121
2509.3,5014,2132.8,3,16,92-121
2509.3,5014,2117.8,3,16,92-121
2509.3,5014,2102.8,3,16,92-121
2509.3,5014,2087.8,3,16,92-121
2509.3,5014,2072.8,3,16,92-121
2509.3,5014,2064.98,3,16,92-121
3131.78,5003,2637.45,2,16,92-122
3122.14,5003,2625.96,2,16,92-122
3112.5,5003,2614.47,2,15,92-122
3102.85,5003,2602.98,2,15,92-122
3093.21,5003,2591.49,2,15,92-122
3083.57,5003,2580,2,15,92-122
3073.93,5003,2568.51,2,15,92-122
3064.29,5003,2557.02,2,14,92-122
3054.64,5003,2545.53,2,13,92-122
3045,5003,2534.04,2,13,92-122
3035.36,5003,2522.55,2,13,92-122
3025.72,5003,2511.06,2,13,92-122
3016.08,5003,2499.57,2,13,92-122
3006.44,5003,2488.08,2,13,92-122
2996.79,5003,2476.59,1,13,92-122
2987.15,5003,2465.09,1,13,92-122
2977.51,5003,2453.6,1,13,92-122
2967.87,5003,2442.11,1,13,92-122
2958.23,5003,2430.62,1,13,92-122
2948.58,5003,2419.13,1,13,92-122
2938.94,5003,2407.64,1,13,92-122
2929.3,5003,2396.15,2,13,92-122
2919.66,5003,2384.66,2,13,92-122
2910.02,5003,2373.17,2,13,92-122
2900.38,5003,2361.68,2,13,92-122
2890.73,5003,2350.19,2,13,92-122
2881.09,5003,2338.7,2,13,92-122
2871.45,5003,2327.21,2,13,92-122
2861.81,5003,2315.72,2,13,92-122
2852.17,5003,2304.23,2,13,92-122
2842.52,5003,2292.73,2,13,92-122
2832.88,5003,2281.24,2,13,92-122
2823.24,5003,2269.75,2,13,92-122
2814.68,5003,2259.55,2,13,92-122
3220.68,5106,2626.43,2,,92-123
3210.64,5106,2615.28,2,,92-123
3200.61,5106,2604.13,2,,92-123
3190.57,5106,2592.98,2,,92-123
3180.53,5106,2581.84,2,,92-123
3170.5,5106,2570.69,2,,92-123
3160.46,5106,2559.54,2,,92-123
3150.42,5106,2548.4,2,,92-123
3140.39,5106,2537.25,1,,92-123
3130.35,5106,2526.1,1,,92-123
3120.31,5106,2514.95,1,15,92-123
3110.27,5106,2503.81,1,15,92-123
3100.24,5106,2492.66,1,14,92-123
3090.2,5106,2481.51,1,13,92-123
3080.16,5106,2470.37,1,13,92-123
3070.13,5106,2459.22,1,13,92-123
3060.09,5106,2448.07,1,13,92-123
3050.05,5106,2436.92,2,13,92-123
3040.02,5106,2425.78,2,13,92-123
3029.98,5106,2414.63,2,13,92-123
3019.94,5106,2403.48,2,13,92-123
3009.91,5106,2392.34,2,13,92-123
2999.87,5106,2381.19,2,13,92-123
2989.83,5106,2370.04,2,13,92-123
2979.79,5106,2358.89,2,13,92-123
2969.76,5106,2347.75,2,13,92-123
2959.72,5106,2336.6,2,13,92-123
2949.68,5106,2325.45,2,13,92-123
2939.65,5106,2314.31,2,12,92-123
2929.61,5106,2303.16,2,12,92-123
2924.24,5106,2297.19,2,12,92-123
2730.62,5210.7,2644.05,1,13,92-124
2740.26,5210.7,2632.56,1,13,92-124
2749.9,5210.7,2621.07,1,13,92-124
2759.55,5210.7,2609.58,1,13,92-124
2769.19,5210.7,2598.09,1,12,92-124
2778.83,5210.7,2586.6,1,12,92-124
2788.47,5210.7,2575.11,1,12,92-124
2798.11,5210.7,2563.62,1,12,92-124
2807.76,5210.7,2552.13,1,12,92-124
2817.4,5210.7,2540.64,1,12,92-124
2827.04,5210.7,2529.15,1,12,92-124
2836.68,5210.7,2517.66,1,14,92-124
2846.32,5210.7,2506.17,1,13,92-124
2855.96,5210.7,2494.68,1,12,92-124
2865.61,5210.7,2483.19,1,12,92-124
2875.25,5210.7,2471.69,1,12,92-124
2884.89,5210.7,2460.2,2,12,92-124
2890.93,5210.7,2453,2,12,92-124
2794.87,5209.5,2638.5,1,13,92-125
2801.21,5209.5,2624.91,1,13,92-125
2807.55,5209.5,2611.31,1,13,92-125
2813.89,5209.5,2597.72,1,13,92-125
2820.23,5209.5,2584.12,1,13,92-125
2826.57,5209.5,2570.53,1,13,92-125
2832.91,5209.5,2556.93,1,14,92-125
2839.24,5209.5,2543.34,1,14,92-125
2845.58,5209.5,2529.75,1,14,92-125
2851.92,5209.5,2516.15,1,13,92-125
2858.26,5209.5,2502.56,1,13,92-125
2864.6,5209.5,2488.96,1,13,92-125
2870.94,5209.5,2475.37,1,12,92-125
2877.28,5209.5,2461.77,2,12,92-125
2883.62,5209.5,2448.18,2,12,92-125
2889.96,5209.5,2434.58,2,12,92-125
2896.3,5209.5,2420.99,2,13,92-125
2902.64,5209.5,2407.39,2,13,92-125
2908.98,5209.5,2393.8,2,13,92-125
2915.32,5209.5,2380.2,2,13,92-125
2921.66,5209.5,2366.61,2,12,92-125
2927.99,5209.5,2353.02,2,12,92-125
2934.33,5209.5,2339.42,2,12,92-125
2940.67,5209.5,2325.83,2,12,92-125
2947.01,5209.5,2312.23,2,12,92-125
2953.35,5209.5,2298.64,2,12,92-125
2959.69,5209.5,2285.04,2,12,92-125
2966.03,5209.5,2271.45,2,13,92-125
2972.37,5209.5,2257.85,3,13,92-125
2975.57,5209.5,2250.99,3,13,92-125
2945.72,5209.2,2639.25,1,,92-126
2955.36,5209.2,2627.76,1,13,92-126
2965,5209.2,2616.27,1,13,92-126
2974.65,5209.2,2604.78,1,13,92-126
2984.29,5209.2,2593.29,1,13,92-126
2993.93,5209.2,2581.8,1,13,92-126
3003.57,5209.2,2570.31,1,13,92-126
3013.21,5209.2,2558.82,1,13,92-126
3022.86,5209.2,2547.33,1,13,92-126
3032.5,5209.2,2535.84,1,12,92-126
3042.14,5209.2,2524.35,1,12,92-126
3051.78,5209.2,2512.86,1,12,92-126
3061.42,5209.2,2501.37,1,13,92-126
3071.06,5209.2,2489.88,1,13,92-126
3080.71,5209.2,2478.39,1,12,92-126
3087.36,5209.2,2470.46,1,12,92-126
3262.28,5195.5,2623.25,2,,92-127
3252.64,5195.5,2611.76,2,16,92-127
3243,5195.5,2600.27,2,15,92-127
3233.35,5195.5,2588.78,1,15,92-127
3223.71,5195.5,2577.29,1,15,92-127
3214.07,5195.5,2565.8,1,15,92-127
3204.43,5195.5,2554.31,1,15,92-127
3194.79,5195.5,2542.82,1,15,92-127
3185.14,5195.5,2531.33,1,15,92-127
3175.5,5195.5,2519.84,1,13,92-127
3165.86,5195.5,2508.35,1,13,92-127
3156.22,5195.5,2496.86,1,13,92-127
3146.58,5195.5,2485.37,1,13,92-127
3139.72,5195.5,2477.19,1,13,92-127
3319.18,5206.9,2621.05,1,16,92-128
3309.54,5206.9,2609.56,1,16,92-128
3299.9,5206.9,2598.07,1,16,92-128
3290.25,5206.9,2586.58,1,16,92-128
3280.61,5206.9,2575.09,1,15,92-128
3270.97,5206.9,2563.6,1,15,92-128
3261.33,5206.9,2552.11,1,15,92-128
3251.69,5206.9,2540.62,1,15,92-128
3242.04,5206.9,2529.13,1,15,92-128
3232.4,5206.9,2517.64,1,15,92-128
3222.76,5206.9,2506.15,1,15,92-128
3213.12,5206.9,2494.66,1,15,92-128
3203.48,5206.9,2483.17,1,14,92-128
3193.84,5206.9,2471.68,1,13,92-128
3184.19,5206.9,2460.19,2,13,92-128
3174.55,5206.9,2448.69,2,13,92-128
3164.91,5206.9,2437.2,2,13,92-128
3155.27,5206.9,2425.71,2,13,92-128
3145.63,5206.9,2414.22,2,13,92-128
3135.98,5206.9,2402.73,2,13,92-128
3126.34,5206.9,2391.24,2,13,92-128
3119.77,5206.9,2383.41,2,13,92-128
2855.11,5298.85,2643.17,1,,92-129
2864.54,5299.34,2631.51,1,13,92-129
2873.97,5299.84,2619.86,1,13,92-129
2883.39,5300.33,2608.2,1,13,92-129
2892.82,5300.82,2596.54,1,12,92-129
2902.25,5301.32,2584.89,1,12,92-129
2911.67,5301.81,2573.23,1,13,92-129
2921.1,5302.31,2561.57,1,13,92-129
2930.53,5302.8,2549.91,1,13,92-129
2939.96,5303.29,2538.26,1,13,92-129
2949.38,5303.79,2526.6,1,13,92-129
2958.81,5304.28,2514.94,1,13,92-129
2968.24,5304.78,2503.29,1,13,92-129
2977.66,5305.27,2491.63,1,12,92-129
2985.53,5305.68,2481.89,1,12,92-129
2661.71,5307.75,2654.25,1,13,92-130
2671.34,5307.24,2642.76,1,13,92-130
2680.97,5306.74,2631.27,1,13,92-130
2690.6,5306.23,2619.78,1,13,92-130
2700.23,5305.73,2608.29,1,13,92-130
2709.86,5305.22,2596.8,1,13,92-130
2719.49,5304.72,2585.31,1,13,92-130
2729.11,5304.22,2573.82,1,13,92-130
2738.74,5303.71,2562.33,1,13,92-130
2748.37,5303.21,2550.84,1,13,92-130
2758,5302.7,2539.35,1,13,92-130
2767.63,5302.2,2527.86,1,13,92-130
2777.26,5301.69,2516.37,1,13,92-130
2786.89,5301.19,2504.88,1,14,92-130
2796.51,5300.68,2493.39,1,14,92-130
2806.14,5300.18,2481.89,1,13,92-130
2815.77,5299.67,2470.4,2,14,92-130
2825.4,5299.17,2458.91,2,14,92-130
2835.03,5298.66,2447.42,2,14,92-130
2844.66,5298.16,2435.93,2,14,92-130
2854.29,5297.66,2424.44,3,14,92-130
2863.91,5297.15,2412.95,2,14,92-130
2873.54,5296.65,2401.46,2,14,92-130
2883.17,5296.14,2389.97,2,14,92-130
2892.8,5295.64,2378.48,2,14,92-130
2902.43,5295.13,2366.99,2,14,92-130
2910.57,5294.71,2357.28,2,14,92-130
2753.92,5313.7,2646.17,1,13,92-131
2763.36,5313.7,2634.51,1,13,92-131
2772.8,5313.7,2622.86,1,13,92-131
2782.24,5313.7,2611.2,1,14,92-131
2791.68,5313.7,2599.54,1,14,92-131
2801.12,5313.7,2587.89,1,14,92-131
2810.56,5313.7,2576.23,1,14,92-131
2820,5313.7,2564.57,1,12,92-131
2829.44,5313.7,2552.91,1,12,92-131
2838.88,5313.7,2541.26,1,13,92-131
2848.32,5313.7,2529.6,1,14,92-131
2857.76,5313.7,2517.94,1,13,92-131
2867.2,5313.7,2506.29,1,14,92-131
2876.64,5313.7,2494.63,1,14,92-131
2886.08,5313.7,2482.97,1,14,92-131
2895.52,5313.7,2471.31,2,14,92-131
2904.96,5313.7,2459.66,2,14,92-131
2914.4,5313.7,2448,2,14,92-131
2923.84,5313.7,2436.34,2,14,92-131
2933.28,5313.7,2424.68,2,14,92-131
2942.72,5313.7,2413.03,2,14,92-131
2952.16,5313.7,2401.37,2,14,92-131
2961.6,5313.7,2389.71,2,14,92-131
2968.3,5313.7,2381.44,2,14,92-131
3232.48,5310,2618.25,1,16,92-132
3222.84,5310,2606.76,1,16,92-132
3213.2,5310,2595.27,1,15,92-132
3203.55,5310,2583.78,1,15,92-132
3193.91,5310,2572.29,1,15,92-132
3184.27,5310,2560.8,1,15,92-132
3174.63,5310,2549.31,1,15,92-132
3164.99,5310,2537.82,1,15,92-132
3155.34,5310,2526.33,1,15,92-132
3145.7,5310,2514.84,1,15,92-132
3136.06,5310,2503.35,1,13,92-132
3126.42,5310,2491.86,1,13,92-132
3116.78,5310,2480.37,1,13,92-132
3107.14,5310,2468.88,2,13,92-132
3097.49,5310,2457.39,2,13,92-132
3087.85,5310,2445.89,2,13,92-132
3078.21,5310,2434.4,2,13,92-132
3068.57,5310,2422.91,2,13,92-132
3058.93,5310,2411.42,2,13,92-132
3049.28,5310,2399.93,2,13,92-132
3039.64,5310,2388.44,2,13,92-132
3030,5310,2376.95,2,13,92-132
3020.36,5310,2365.46,2,13,92-132
3010.72,5310,2353.97,2,13,92-132
3005.77,5310,2348.07,2,13,92-132
3126.08,5391.5,2625.25,1,15,92-133
3116.44,5391.5,2613.76,1,15,92-133
3106.8,5391.5,2602.27,1,13,92-133
3097.15,5391.5,2590.78,1,13,92-133
3087.51,5391.5,2579.29,1,13,92-133
3077.87,5391.5,2567.8,1,13,92-133
3068.23,5391.5,2556.31,1,12,92-133
3058.59,5391.5,2544.82,1,12,92-133
3048.94,5391.5,2533.33,1,12,92-133
3039.3,5391.5,2521.84,1,12,92-133
3029.66,5391.5,2510.35,1,12,92-133
3020.02,5391.5,2498.86,1,12,92-133
3010.38,5391.5,2487.37,2,12,92-133
3000.74,5391.5,2475.88,2,12,92-133
2995.72,5391.5,2469.9,2,12,92-133
2776.12,5410.7,2644.25,1,13,92-134
2785.76,5410.7,2632.76,1,13,92-134
2795.4,5410.7,2621.27,1,13,92-134
2805.05,5410.7,2609.78,1,13,92-134
2814.69,5410.7,2598.29,1,13,92-134
2824.33,5410.7,2586.8,1,13,92-134
2833.97,5410.7,2575.31,1,13,92-134
2843.61,5410.7,2563.82,1,13,92-134
2853.26,5410.7,2552.33,1,13,92-134
2862.9,5410.7,2540.84,1,13,92-134
2872.54,5410.7,2529.35,1,13,92-134
2882.18,5410.7,2517.86,1,13,92-134
2891.82,5410.7,2506.37,1,12,92-134
2901.46,5410.7,2494.88,3,12,92-134
2911.11,5410.7,2483.39,3,12,92-134
2920.75,5410.7,2471.89,3,12,92-134
2930.39,5410.7,2460.4,3,12,92-134
2940.03,5410.7,2448.91,3,12,92-134
2949.67,5410.7,2437.42,3,12,92-134
2959.32,5410.7,2425.93,3,12,92-134
2968.96,5410.7,2414.44,3,13,92-134
2978.6,5410.7,2402.95,3,13,92-134
2988.24,5410.7,2391.46,3,13,92-134
2997.88,5410.7,2379.97,3,13,92-134
3007.52,5410.7,2368.48,3,13,92-134
3013.95,5410.7,2360.82,3,13,92-134
3202.08,5407.9,2615.4,1,15,92-135
3192.44,5407.9,2603.91,1,15,92-135
3182.8,5407.9,2592.42,1,15,92-135
3173.15,5407.9,2580.93,1,15,92-135
3163.51,5407.9,2569.44,1,15,92-135
3153.87,5407.9,2557.95,1,15,92-135
3144.23,5407.9,2546.46,1,15,92-135
3134.59,5407.9,2534.97,1,15,92-135
3124.94,5407.9,2523.48,1,15,92-135
3115.3,5407.9,2511.99,1,15,92-135
3105.66,5407.9,2500.5,1,13,92-135
3096.02,5407.9,2489.01,2,13,92-135
3086.38,5407.9,2477.52,2,13,92-135
3076.74,5407.9,2466.03,2,13,92-135
3067.09,5407.9,2454.54,2,13,92-135
3057.45,5407.9,2443.04,3,13,92-135
3047.81,5407.9,2431.55,3,13,92-135
3038.17,5407.9,2420.06,3,13,92-135
3028.53,5407.9,2408.57,3,13,92-135
3018.88,5407.9,2397.08,3,12,92-135
3009.24,5407.9,2385.59,3,12,92-135
2999.6,5407.9,2374.1,3,12,92-135
2989.96,5407.9,2362.61,3,13,92-135
2980.32,5407.9,2351.12,3,13,92-135
2970.68,5407.9,2339.63,3,13,92-135
2961.03,5407.9,2328.14,3,13,92-135
2951.39,5407.9,2316.65,3,13,92-135
2941.75,5407.9,2305.16,3,13,92-135
2932.11,5407.9,2293.67,3,13,92-135
2922.47,5407.9,2282.18,3,13,92-135
2912.82,5407.9,2270.68,3,14,92-135
2903.18,5407.9,2259.19,3,14,92-135
2893.54,5407.9,2247.7,3,14,92-135
2883.9,5407.9,2236.21,3,14,92-135
2874.26,5407.9,2224.72,3,14,92-135
2864.62,5407.9,2213.23,3,14,92-135
2854.97,5407.9,2201.74,1,14,92-135
2845.33,5407.9,2190.25,1,14,92-135
2835.69,5407.9,2178.76,1,14,92-135
2826.05,5407.9,2167.27,1,13,92-135
2821.07,5407.9,2161.33,1,13,92-135
2789.92,5513.6,2645.15,1,15,92-136
2799.56,5513.6,2633.66,1,15,92-136
2809.2,5513.6,2622.17,1,15,92-136
2818.85,5513.6,2610.68,1,15,92-136
2828.49,5513.6,2599.19,1,15,92-136
2838.13,5513.6,2587.7,1,15,92-136
2847.77,5513.6,2576.21,1,15,92-136
2857.41,5513.6,2564.72,1,15,92-136
2867.06,5513.6,2553.23,1,15,92-136
2876.7,5513.6,2541.74,1,15,92-136
2886.34,5513.6,2530.25,1,15,92-136
2895.98,5513.6,2518.76,1,15,92-136
2905.62,5513.6,2507.27,1,15,92-136
2915.26,5513.6,2495.78,1,13,92-136
2924.91,5513.6,2484.29,1,13,92-136
2934.55,5513.6,2472.79,3,13,92-136
2944.19,5513.6,2461.3,3,13,92-136
2953.83,5513.6,2449.81,3,13,92-136
2963.47,5513.6,2438.32,3,13,92-136
2973.12,5513.6,2426.83,3,13,92-136
2982.76,5513.6,2415.34,3,13,92-136
2992.4,5513.6,2403.85,3,13,92-136
3002.04,5513.6,2392.36,3,13,92-136
3011.68,5513.6,2380.87,2,13,92-136
3021.32,5513.6,2369.38,1,13,92-136
3030.97,5513.6,2357.89,1,13,92-136
3040.61,5513.6,2346.4,1,13,92-136
3050.25,5513.6,2334.91,1,13,92-136
3059.89,5513.6,2323.42,1,13,92-136
3069.53,5513.6,2311.93,1,13,92-136
3079.18,5513.6,2300.43,1,13,92-136
3088.82,5513.6,2288.94,1,13,92-136
3093.67,5513.6,2283.16,1,13,92-136
3171.58,5508.37,2621.05,1,15,92-137
3161.95,5508.7,2609.56,1,15,92-137
3152.31,5509.04,2598.07,1,15,92-137
3142.67,5509.38,2586.58,1,15,92-137
3133.04,5509.71,2575.09,1,15,92-137
3123.4,5510.05,2563.6,1,15,92-137
3113.77,5510.39,2552.11,1,15,92-137
3104.13,5510.72,2540.62,1,14,92-137
3094.49,5511.06,2529.13,1,13,92-137
3084.86,5511.4,2517.64,1,13,92-137
3075.22,5511.73,2506.15,1,13,92-137
3065.59,5512.07,2494.66,1,13,92-137
3055.95,5512.41,2483.17,1,13,92-137
3046.31,5512.74,2471.68,3,13,92-137
3036.68,5513.08,2460.19,3,13,92-137
3027.04,5513.42,2448.69,3,13,92-137
3017.41,5513.75,2437.2,3,13,92-137
3007.77,5514.09,2425.71,3,13,92-137
2998.14,5514.43,2414.22,3,13,92-137
2988.5,5514.76,2402.73,3,13,92-137
2978.86,5515.1,2391.24,3,13,92-137
2969.23,5515.43,2379.75,1,13,92-137
2960.99,5515.72,2369.93,1,13,92-137
